{
  "description": null,
  "id": "005ff537-8cbf-5f5b-8135-9e3d21410126",
  "impact_data": {
    "epd": {
      "comment": "Udarbejdet som kombination af 71 kg PP brøndmoduler + 222 kg støbejernsdæksler pr. Kabelbrønd (75x155x116 mm)",
      "conversions": null,
      "declared_unit": "pcs",
      "format_version": "2.2.1",
      "id": "ca34f97c-4f1b-53d5-8751-680ea98b37d2",
      "impacts": {
        "a1a3": {
          "gwp": 511.18854441452095,
          "gwp_fos": 0.0,
          "gwp_bio": 0.0,
          "gwp_lul": 0.0,
          "odp": 0.0,
          "ap": 0.0,
          "ep_fw": 0.0,
          "ep_mar": 0.0,
          "ep_ter": 0.0,
          "pocp": 0.0,
          "adpe": 0.0,
          "adpf": 0.0,
          "wdp": 0.0
        },
        "c1": {
          "gwp": null,
          "gwp_fos": 0.52406666375,
          "gwp_bio": 0.51937349625,
          "gwp_lul": 0.0033440898111250002,
          "odp": 0.0006780626125,
          "ap": 2.6023725009248435e-8,
          "ep_fw": 0.0025478783750000006,
          "ep_mar": 0.00008615280943500001,
          "ep_ter": 0.000246224475,
          "pocp": 0.0027825367500000004,
          "adpe": 0.004901468512500001,
          "adpf": 0.0017349181439773752,
          "wdp": 0.47910869923
        },
        "c2": {
          "gwp": 5.427310461387501,
          "gwp_fos": null,
          "gwp_bio": 1.3403221187334418,
          "gwp_lul": 1.337096956233442,
          "odp": 0.0008113968048515931,
          "ap": 0.002359089282909547,
          "ep_fw": 2.384869590308352e-7,
          "ep_mar": 0.006352731394494925,
          "ep_ter": 0.000018196439240196366,
          "pocp": 0.0013667431008527,
          "adpe": 0.016039922826157113,
          "adpf": 0.014255118932042935,
          "wdp": 0.0031373798721909905
        },
        "c3": {
          "gwp": 11.474023182865409,
          "gwp_fos": 8.739107300282114,
          "gwp_bio": null,
          "gwp_lul": 18.74921248142425,
          "odp": 19.009630298036093,
          "ap": -0.2800868897828246,
          "ep_fw": 0.009153114871061662,
          "ep_mar": 1.4054449327941112e-6,
          "ep_ter": 0.0819890883680893,
          "pocp": 0.001237721170670142,
          "adpe": 0.005891165158530674,
          "adpf": 0.07018277473822965,
          "wdp": 0.18009666694442517
        },
        "c4": {
          "gwp": 0.04432957945199498,
          "gwp_fos": 57.520928401769524,
          "gwp_bio": 74.16392785648584,
          "gwp_lul": null,
          "odp": 29.92317717627935,
          "ap": 0.7418939145259393,
          "ep_fw": 29.1388414549112,
          "ep_mar": 0.0002060737165942932,
          "ep_ter": 1.0749692061952768e-7,
          "pocp": 0.005132338672352899,
          "adpe": 0.00006421049191606272,
          "adpf": 0.00038145942520560565,
          "wdp": 0.005510741163158504
        },
        "d": {
          "gwp": 0.020047240055127192,
          "gwp_fos": 0.004830150987998187,
          "gwp_bio": 4.42904891896002,
          "gwp_lul": 6.493271354327225,
          "odp": null,
          "ap": -69.38574836796778,
          "ep_fw": -69.52412415740525,
          "ep_mar": 0.15472908538933902,
          "ep_ter": -0.01591222930459827,
          "pocp": -3.5549496088899525e-6,
          "adpe": -0.28794898753669,
          "adpf": -0.009154316624869343,
          "wdp": -0.008123232755078598
        }
      },
      "location": "dnk",
      "meta_data": {
        "category": "ANDET",
        "created": "2024-06-05",
        "origin": "https://github.com/ocni-dtu/infralca"
      },
      "name": "Plastkabelbrønd m. støbejernsdæksel",
      "published_date": "2023-09-21",
      "reference_service_life": 50,
      "source": {
        "name": "InfraLCA",
        "url": null
      },
      "standard": "en15804a1",
      "subtype": "generic",
      "valid_until": "2028-09-19",
      "version": "3.1"
    }
  },
  "meta_data": {
    "category": "ANDET",
    "created": "2024-06-05",
    "origin": "https://github.com/ocni-dtu/infralca"
  },
  "name": "Plastkabelbrønd m. støbejernsdæksel",
  "quantity": 1.0,
  "reference_service_life": 50,
  "results": null,
  "transport": [
    {
      "distance": 1500.0,
      "distance_unit": "km",
      "id": "a373953a-18f7-4aad-a2c9-fc68d3432f9f",
      "impact_data": {
        "epd": {
          "comment": "2021: 20-26 ton lastbil, der overholder EURONORM 5.  Ökobau database værdier (Process Data set: Truck) nyttegrad korrigeret til 49 % for bulk transport",
          "conversions": null,
          "declared_unit": "tones_km",
          "format_version": "2.2.1",
          "id": "9307ed80-66ed-5f86-94df-4dd694c826ee",
          "impacts": {
            "a1a3": {
              "gwp": 0.16122750000000002,
              "gwp_fos": 0.1601075,
              "gwp_bio": 0.0000872375,
              "gwp_lul": 0.00102795,
              "odp": 5.694500000000001e-17,
              "ap": 0.0005495,
              "ep_fw": 3.32675e-7,
              "ep_mar": 0.00025795,
              "ep_ter": 0.0028770000000000002,
              "pocp": 0.0004987500000000001,
              "adpe": 1.474725e-8,
              "adpf": 2.12625,
              "wdp": 0.00062685
            },
            "c1": {
              "gwp": null,
              "gwp_fos": 0.0,
              "gwp_bio": 0.0,
              "gwp_lul": 0.0,
              "odp": 0.0,
              "ap": 0.0,
              "ep_fw": 0.0,
              "ep_mar": 0.0,
              "ep_ter": 0.0,
              "pocp": 0.0,
              "adpe": 0.0,
              "adpf": 0.0,
              "wdp": 0.0
            },
            "c2": {
              "gwp": 0.0,
              "gwp_fos": null,
              "gwp_bio": 0.0,
              "gwp_lul": 0.0,
              "odp": 0.0,
              "ap": 0.0,
              "ep_fw": 0.0,
              "ep_mar": 0.0,
              "ep_ter": 0.0,
              "pocp": 0.0,
              "adpe": 0.0,
              "adpf": 0.0,
              "wdp": 0.0
            },
            "c3": {
              "gwp": 0.0,
              "gwp_fos": 0.0,
              "gwp_bio": null,
              "gwp_lul": 0.0,
              "odp": 0.0,
              "ap": 0.0,
              "ep_fw": 0.0,
              "ep_mar": 0.0,
              "ep_ter": 0.0,
              "pocp": 0.0,
              "adpe": 0.0,
              "adpf": 0.0,
              "wdp": 0.0
            },
            "c4": {
              "gwp": 0.0,
              "gwp_fos": 0.0,
              "gwp_bio": 0.0,
              "gwp_lul": null,
              "odp": 0.0,
              "ap": 0.0,
              "ep_fw": 0.0,
              "ep_mar": 0.0,
              "ep_ter": 0.0,
              "pocp": 0.0,
              "adpe": 0.0,
              "adpf": 0.0,
              "wdp": 0.0
            },
            "d": {
              "gwp": 0.0,
              "gwp_fos": 0.0,
              "gwp_bio": 0.0,
              "gwp_lul": 0.0,
              "odp": null,
              "ap": 0.0,
              "ep_fw": 0.0,
              "ep_mar": 0.0,
              "ep_ter": 0.0,
              "pocp": 0.0,
              "adpe": 0.0,
              "adpf": 0.0,
              "wdp": 0.0
            }
          },
          "location": "dnk",
          "meta_data": {
            "category": "Transportmidler",
            "created": "2024-06-05",
            "origin": "https://github.com/ocni-dtu/infralca"
          },
          "name": "Lastbil 26 ton diesel",
          "published_date": "2023-09-21",
          "reference_service_life": 0,
          "source": {
            "name": "InfraLCA",
            "url": null
          },
          "standard": "en15804a2",
          "subtype": "generic",
          "valid_until": "2028-09-19",
          "version": "3.1"
        }
      },
      "life_cycle_stages": [
        "a4"
      ],
      "name": "Lastbil 26 ton diesel"
    }
  ],
  "unit": "pcs"
}