{
  "description": null,
  "id": "0a479de1-97ac-5813-973f-af57e979e3b9",
  "impact_data": {
    "epd": {
      "comment": "Gennemsnit af: NEPD-3633-2578-DK, NEPD-3625-2561-DK, NEPD-3665-2607-DK og NEPD-3662-2610-DK",
      "conversions": null,
      "declared_unit": "tones",
      "format_version": "2.2.1",
      "id": "3f3528bf-8fda-546c-819e-8eef81b78a7b",
      "impacts": {
        "a1a3": {
          "gwp": 44.675,
          "gwp_fos": 44.572500000000005,
          "gwp_bio": 0.0658535,
          "gwp_lul": 0.0095525,
          "odp": 7.42425e-6,
          "ap": 0.41564999999999996,
          "ep_fw": 0.00042540000000000004,
          "ep_mar": 0.078295,
          "ep_ter": 0.88185,
          "pocp": 0.2522,
          "adpe": 0.00034515,
          "adpf": 1965.1999999999998,
          "wdp": 2107.6
        },
        "c1": {
          "gwp": null,
          "gwp_fos": 2.76,
          "gwp_bio": 2.76,
          "gwp_lul": 0.00152,
          "odp": 0.00044,
          "ap": 6.16e-7,
          "ep_fw": 0.0225,
          "ep_mar": 0.0000151,
          "ep_ter": 0.00928,
          "pocp": 0.102,
          "adpe": 0.0288,
          "adpf": 0.0000188,
          "wdp": 40.2
        },
        "c2": {
          "gwp": 21.4,
          "gwp_fos": null,
          "gwp_bio": 8.17,
          "gwp_lul": 8.17,
          "odp": 0.00439,
          "ap": 0.00291,
          "ep_fw": 1.85e-6,
          "ep_mar": 0.0235,
          "ep_ter": 0.000065,
          "pocp": 0.00465,
          "adpe": 0.052,
          "adpf": 0.0199,
          "wdp": 0.000226
        },
        "c3": {
          "gwp": 123.0,
          "gwp_fos": 119.0,
          "gwp_bio": null,
          "gwp_lul": 2.955,
          "odp": 2.955,
          "ap": 0.000822,
          "ep_fw": 0.000233,
          "ep_mar": 6.38e-7,
          "ep_ter": 0.0309,
          "pocp": 0.00001075,
          "adpe": 0.01365,
          "adpf": 0.1495,
          "wdp": 0.04115
        },
        "c4": {
          "gwp": 4.535e-6,
          "gwp_fos": 40.7,
          "gwp_bio": 8.629999999999999,
          "gwp_lul": null,
          "odp": 0.0,
          "ap": 0.0,
          "ep_fw": 0.0,
          "ep_mar": 0.0,
          "ep_ter": 0.0,
          "pocp": 0.0,
          "adpe": 0.0,
          "adpf": 0.0,
          "wdp": 0.0
        },
        "d": {
          "gwp": 0.0,
          "gwp_fos": 0.0,
          "gwp_bio": 0.0,
          "gwp_lul": 0.0,
          "odp": null,
          "ap": -39.2,
          "ep_fw": -39.15,
          "ep_mar": -0.00204,
          "ep_ter": -0.03125,
          "pocp": -0.000057600000000000004,
          "adpe": -0.39449999999999996,
          "adpf": -0.0008190000000000001,
          "wdp": -0.0754
        }
      },
      "location": "dnk",
      "meta_data": {
        "category": "ASFALTMATERIALER",
        "created": "2024-06-05",
        "origin": "https://github.com/ocni-dtu/infralca"
      },
      "name": "Bindelag",
      "published_date": "2023-09-21",
      "reference_service_life": 50,
      "source": {
        "name": "InfraLCA",
        "url": null
      },
      "standard": "en15804a2",
      "subtype": "representative",
      "valid_until": "2028-09-19",
      "version": "3.1"
    }
  },
  "meta_data": {
    "category": "ASFALTMATERIALER",
    "created": "2024-06-05",
    "origin": "https://github.com/ocni-dtu/infralca"
  },
  "name": "Bindelag",
  "quantity": 1.0,
  "reference_service_life": 50,
  "results": null,
  "transport": [
    {
      "distance": 101.6233624102096,
      "distance_unit": "km",
      "id": "75f8e7bd-bcce-4168-afa2-5c3beec668a1",
      "impact_data": {
        "epd": {
          "comment": "2021: 20-26 ton lastbil, der overholder EURONORM 5.  Ökobau database værdier (Process Data set: Truck) nyttegrad korrigeret til 49 % for bulk transport",
          "conversions": null,
          "declared_unit": "tones_km",
          "format_version": "2.2.1",
          "id": "9307ed80-66ed-5f86-94df-4dd694c826ee",
          "impacts": {
            "a1a3": {
              "gwp": 0.16122750000000002,
              "gwp_fos": 0.1601075,
              "gwp_bio": 0.0000872375,
              "gwp_lul": 0.00102795,
              "odp": 5.694500000000001e-17,
              "ap": 0.0005495,
              "ep_fw": 3.32675e-7,
              "ep_mar": 0.00025795,
              "ep_ter": 0.0028770000000000002,
              "pocp": 0.0004987500000000001,
              "adpe": 1.474725e-8,
              "adpf": 2.12625,
              "wdp": 0.00062685
            },
            "c1": {
              "gwp": null,
              "gwp_fos": 0.0,
              "gwp_bio": 0.0,
              "gwp_lul": 0.0,
              "odp": 0.0,
              "ap": 0.0,
              "ep_fw": 0.0,
              "ep_mar": 0.0,
              "ep_ter": 0.0,
              "pocp": 0.0,
              "adpe": 0.0,
              "adpf": 0.0,
              "wdp": 0.0
            },
            "c2": {
              "gwp": 0.0,
              "gwp_fos": null,
              "gwp_bio": 0.0,
              "gwp_lul": 0.0,
              "odp": 0.0,
              "ap": 0.0,
              "ep_fw": 0.0,
              "ep_mar": 0.0,
              "ep_ter": 0.0,
              "pocp": 0.0,
              "adpe": 0.0,
              "adpf": 0.0,
              "wdp": 0.0
            },
            "c3": {
              "gwp": 0.0,
              "gwp_fos": 0.0,
              "gwp_bio": null,
              "gwp_lul": 0.0,
              "odp": 0.0,
              "ap": 0.0,
              "ep_fw": 0.0,
              "ep_mar": 0.0,
              "ep_ter": 0.0,
              "pocp": 0.0,
              "adpe": 0.0,
              "adpf": 0.0,
              "wdp": 0.0
            },
            "c4": {
              "gwp": 0.0,
              "gwp_fos": 0.0,
              "gwp_bio": 0.0,
              "gwp_lul": null,
              "odp": 0.0,
              "ap": 0.0,
              "ep_fw": 0.0,
              "ep_mar": 0.0,
              "ep_ter": 0.0,
              "pocp": 0.0,
              "adpe": 0.0,
              "adpf": 0.0,
              "wdp": 0.0
            },
            "d": {
              "gwp": 0.0,
              "gwp_fos": 0.0,
              "gwp_bio": 0.0,
              "gwp_lul": 0.0,
              "odp": null,
              "ap": 0.0,
              "ep_fw": 0.0,
              "ep_mar": 0.0,
              "ep_ter": 0.0,
              "pocp": 0.0,
              "adpe": 0.0,
              "adpf": 0.0,
              "wdp": 0.0
            }
          },
          "location": "dnk",
          "meta_data": {
            "category": "Transportmidler",
            "created": "2024-06-05",
            "origin": "https://github.com/ocni-dtu/infralca"
          },
          "name": "Lastbil 26 ton diesel",
          "published_date": "2023-09-21",
          "reference_service_life": 0,
          "source": {
            "name": "InfraLCA",
            "url": null
          },
          "standard": "en15804a2",
          "subtype": "generic",
          "valid_until": "2028-09-19",
          "version": "3.1"
        }
      },
      "life_cycle_stages": [
        "a4"
      ],
      "name": "Lastbil 26 ton diesel"
    }
  ],
  "unit": "tones"
}