{
  "description": null,
  "id": "0e342a13-f552-5f58-99d7-e3420b8a9703",
  "impact_data": {
    "epd": {
      "comment": "Gennemsnit af EPD: NEPD-3908-2869, NEPD-4069-3106, S-P-06860",
      "conversions": null,
      "declared_unit": "m",
      "format_version": "2.2.1",
      "id": "a5d014a9-758c-5430-8027-962cc254b98f",
      "impacts": {
        "a1a3": {
          "gwp": 45.576465354814935,
          "gwp_fos": 44.986132021481616,
          "gwp_bio": 0.2500367087287622,
          "gwp_lul": 0.32118134005068444,
          "odp": 2.091706097610748e-6,
          "ap": 0.28722515006299987,
          "ep_fw": 0.001081234778536095,
          "ep_mar": 0.041150190183719314,
          "ep_ter": 0.45192926203993095,
          "pocp": 0.1390049754751075,
          "adpe": 0.0005438668044759153,
          "adpf": 545.2446088079665,
          "wdp": 10303.338250563995
        },
        "c1": {
          "gwp": null,
          "gwp_fos": 0.0,
          "gwp_bio": 0.0,
          "gwp_lul": 0.0,
          "odp": 0.0,
          "ap": 0.0,
          "ep_fw": 0.0,
          "ep_mar": 0.0,
          "ep_ter": 0.0,
          "pocp": 0.0,
          "adpe": 0.0,
          "adpf": 0.0,
          "wdp": 0.0
        },
        "c2": {
          "gwp": 0.0,
          "gwp_fos": null,
          "gwp_bio": 0.20900000000000002,
          "gwp_lul": 0.20900000000000002,
          "odp": 0.00008515,
          "ap": 0.000073,
          "ep_fw": 4.76e-8,
          "ep_mar": 0.0008520000000000001,
          "ep_ter": 1.64e-6,
          "pocp": 0.000253,
          "adpe": 0.0028,
          "adpf": 0.0008584999999999999,
          "wdp": 5.66e-6
        },
        "c3": {
          "gwp": 3.1500000000000004,
          "gwp_fos": 3.005,
          "gwp_bio": null,
          "gwp_lul": 1.2850000000000001,
          "odp": 1.2850000000000001,
          "ap": 0.0000106,
          "ep_fw": 1.57e-6,
          "ep_mar": 1.0065e-9,
          "ep_ter": 0.000162,
          "pocp": 1.005e-7,
          "adpe": 0.0000779,
          "adpf": 0.0008420000000000001,
          "wdp": 0.00020150000000000002
        },
        "c4": {
          "gwp": 4.6099999999999996e-8,
          "gwp_fos": 0.08510000000000001,
          "gwp_bio": 0.203,
          "gwp_lul": null,
          "odp": 0.06035,
          "ap": 0.0603,
          "ep_fw": 4.785e-6,
          "ep_mar": 5.235e-6,
          "ep_ter": 4.405e-9,
          "pocp": 0.00011899999999999999,
          "adpe": 2.4850000000000003e-7,
          "adpf": 0.0000932,
          "wdp": 0.00047599999999999997
        },
        "d": {
          "gwp": 0.0001455,
          "gwp_fos": 1.18e-7,
          "gwp_bio": 0.352,
          "gwp_lul": 7.29,
          "odp": null,
          "ap": -12.6,
          "ep_fw": -12.3,
          "ep_mar": -0.05635,
          "ep_ter": -0.2345,
          "pocp": -0.00528,
          "adpe": -0.0834,
          "adpf": -0.00047900000000000004,
          "wdp": -0.01065
        }
      },
      "location": "dnk",
      "meta_data": {
        "category": "TEKNIK",
        "created": "2024-06-05",
        "origin": "https://github.com/ocni-dtu/infralca"
      },
      "name": "Kabelleverance Alu, 4G240 mm2",
      "published_date": "2023-09-21",
      "reference_service_life": 20,
      "source": {
        "name": "InfraLCA",
        "url": null
      },
      "standard": "en15804a2",
      "subtype": "representative",
      "valid_until": "2028-09-19",
      "version": "3.1"
    }
  },
  "meta_data": {
    "category": "TEKNIK",
    "created": "2024-06-05",
    "origin": "https://github.com/ocni-dtu/infralca"
  },
  "name": "Kabelleverance Alu, 4G240 mm2",
  "quantity": 1.0,
  "reference_service_life": 20,
  "results": null,
  "transport": [
    {
      "distance": 1500.0,
      "distance_unit": "km",
      "id": "665e8d95-f29e-4494-991f-b76ed5e83037",
      "impact_data": {
        "epd": {
          "comment": "2021: 20-26 ton lastbil, der overholder EURONORM 5.  Ökobau database værdier (Process Data set: Truck) nyttegrad korrigeret til 49 % for bulk transport",
          "conversions": null,
          "declared_unit": "tones_km",
          "format_version": "2.2.1",
          "id": "9307ed80-66ed-5f86-94df-4dd694c826ee",
          "impacts": {
            "a1a3": {
              "gwp": 0.16122750000000002,
              "gwp_fos": 0.1601075,
              "gwp_bio": 0.0000872375,
              "gwp_lul": 0.00102795,
              "odp": 5.694500000000001e-17,
              "ap": 0.0005495,
              "ep_fw": 3.32675e-7,
              "ep_mar": 0.00025795,
              "ep_ter": 0.0028770000000000002,
              "pocp": 0.0004987500000000001,
              "adpe": 1.474725e-8,
              "adpf": 2.12625,
              "wdp": 0.00062685
            },
            "c1": {
              "gwp": null,
              "gwp_fos": 0.0,
              "gwp_bio": 0.0,
              "gwp_lul": 0.0,
              "odp": 0.0,
              "ap": 0.0,
              "ep_fw": 0.0,
              "ep_mar": 0.0,
              "ep_ter": 0.0,
              "pocp": 0.0,
              "adpe": 0.0,
              "adpf": 0.0,
              "wdp": 0.0
            },
            "c2": {
              "gwp": 0.0,
              "gwp_fos": null,
              "gwp_bio": 0.0,
              "gwp_lul": 0.0,
              "odp": 0.0,
              "ap": 0.0,
              "ep_fw": 0.0,
              "ep_mar": 0.0,
              "ep_ter": 0.0,
              "pocp": 0.0,
              "adpe": 0.0,
              "adpf": 0.0,
              "wdp": 0.0
            },
            "c3": {
              "gwp": 0.0,
              "gwp_fos": 0.0,
              "gwp_bio": null,
              "gwp_lul": 0.0,
              "odp": 0.0,
              "ap": 0.0,
              "ep_fw": 0.0,
              "ep_mar": 0.0,
              "ep_ter": 0.0,
              "pocp": 0.0,
              "adpe": 0.0,
              "adpf": 0.0,
              "wdp": 0.0
            },
            "c4": {
              "gwp": 0.0,
              "gwp_fos": 0.0,
              "gwp_bio": 0.0,
              "gwp_lul": null,
              "odp": 0.0,
              "ap": 0.0,
              "ep_fw": 0.0,
              "ep_mar": 0.0,
              "ep_ter": 0.0,
              "pocp": 0.0,
              "adpe": 0.0,
              "adpf": 0.0,
              "wdp": 0.0
            },
            "d": {
              "gwp": 0.0,
              "gwp_fos": 0.0,
              "gwp_bio": 0.0,
              "gwp_lul": 0.0,
              "odp": null,
              "ap": 0.0,
              "ep_fw": 0.0,
              "ep_mar": 0.0,
              "ep_ter": 0.0,
              "pocp": 0.0,
              "adpe": 0.0,
              "adpf": 0.0,
              "wdp": 0.0
            }
          },
          "location": "dnk",
          "meta_data": {
            "category": "Transportmidler",
            "created": "2024-06-05",
            "origin": "https://github.com/ocni-dtu/infralca"
          },
          "name": "Lastbil 26 ton diesel",
          "published_date": "2023-09-21",
          "reference_service_life": 0,
          "source": {
            "name": "InfraLCA",
            "url": null
          },
          "standard": "en15804a2",
          "subtype": "generic",
          "valid_until": "2028-09-19",
          "version": "3.1"
        }
      },
      "life_cycle_stages": [
        "a4"
      ],
      "name": "Lastbil 26 ton diesel"
    }
  ],
  "unit": "m"
}