{
  "description": null,
  "id": "0e387877-60bc-5f00-98e2-7f54e2e38a8c",
  "impact_data": {
    "epd": {
      "comment": "Gennemsnit af EPD: NEPD-4119-3333 (RW 55722), NEPD-4119-3333 (RW 55723), NEPD-4119-3333 (RW 55724) og NEPD-4119-3333-EN",
      "conversions": null,
      "declared_unit": "m3",
      "format_version": "2.2.1",
      "id": "82477388-8607-5607-ab1e-402852660c30",
      "impacts": {
        "a1a3": {
          "gwp": 131.3975,
          "gwp_fos": 140.04999999999998,
          "gwp_bio": -8.775115,
          "gwp_lul": 0.058846675,
          "odp": 4.20274e-7,
          "ap": 1.32751075,
          "ep_fw": 0.00105180125,
          "ep_mar": 0.15909600000000002,
          "ep_ter": 4.4840675,
          "pocp": 0.36373812499999997,
          "adpe": 0.0000331338875,
          "adpf": 1483.11175,
          "wdp": 18.44052
        },
        "c1": {
          "gwp": null,
          "gwp_fos": 0.0,
          "gwp_bio": 0.0,
          "gwp_lul": 0.0,
          "odp": 0.0,
          "ap": 0.0,
          "ep_fw": 0.0,
          "ep_mar": 0.0,
          "ep_ter": 0.0,
          "pocp": 0.0,
          "adpe": 0.0,
          "adpf": 0.0,
          "wdp": 0.0
        },
        "c2": {
          "gwp": 0.0,
          "gwp_fos": null,
          "gwp_bio": 0.578142,
          "gwp_lul": 0.5740745,
          "odp": -0.00003828134999999999,
          "ap": 0.0046631125,
          "ep_fw": 0.0,
          "ep_mar": 0.00060746325,
          "ep_ter": 1.7153742499999999e-6,
          "pocp": 0.0002000699,
          "adpe": 0.0023746847499999998,
          "adpf": 0.000531853,
          "wdp": 5.0516725e-8
        },
        "c3": {
          "gwp": 7.694992500000001,
          "gwp_fos": 0.005032755,
          "gwp_bio": null,
          "gwp_lul": 0.0,
          "odp": 0.0,
          "ap": 0.0,
          "ep_fw": 0.0,
          "ep_mar": 0.0,
          "ep_ter": 0.0,
          "pocp": 0.0,
          "adpe": 0.0,
          "adpf": 0.0,
          "wdp": 0.0
        },
        "c4": {
          "gwp": 0.0,
          "gwp_fos": 0.0,
          "gwp_bio": 0.0,
          "gwp_lul": null,
          "odp": 2.0710402500000002,
          "ap": 2.06702275,
          "ep_fw": -0.0014379599999999998,
          "ep_mar": 0.006046875,
          "ep_ter": 0.0,
          "pocp": 0.014737440000000001,
          "adpe": 3.4721500000000003e-6,
          "adpf": 0.0038253775,
          "wdp": 0.041994325
        },
        "d": {
          "gwp": 0.0115783225,
          "gwp_fos": 1.9528714999999998e-7,
          "gwp_bio": 27.4974375,
          "gwp_lul": 0.22185295000000002,
          "odp": null,
          "ap": -4.04812,
          "ep_fw": -4.46235,
          "ep_mar": 0.41572675,
          "ep_ter": -0.0011148152500000002,
          "pocp": 0.0,
          "adpe": -0.011891295,
          "adpf": -3.7173787499999995e-6,
          "wdp": -0.002434126
        }
      },
      "location": "dnk",
      "meta_data": {
        "category": "ANDET",
        "created": "2024-06-05",
        "origin": "https://github.com/ocni-dtu/infralca"
      },
      "name": "Mineraluld isolering",
      "published_date": "2023-09-21",
      "reference_service_life": 20,
      "source": {
        "name": "InfraLCA",
        "url": null
      },
      "standard": "en15804a2",
      "subtype": "representative",
      "valid_until": "2028-09-19",
      "version": "3.1"
    }
  },
  "meta_data": {
    "category": "ANDET",
    "created": "2024-06-05",
    "origin": "https://github.com/ocni-dtu/infralca"
  },
  "name": "Mineraluld isolering",
  "quantity": 1.0,
  "reference_service_life": 20,
  "results": null,
  "transport": [
    {
      "distance": 159.1837411264582,
      "distance_unit": "km",
      "id": "24e74ddf-e1b3-48ec-a81e-ccbc02ab6366",
      "impact_data": {
        "epd": {
          "comment": "2021: 20-26 ton lastbil, der overholder EURONORM 5.  Ökobau database værdier (Process Data set: Truck) nyttegrad korrigeret til 49 % for bulk transport",
          "conversions": null,
          "declared_unit": "tones_km",
          "format_version": "2.2.1",
          "id": "9307ed80-66ed-5f86-94df-4dd694c826ee",
          "impacts": {
            "a1a3": {
              "gwp": 0.16122750000000002,
              "gwp_fos": 0.1601075,
              "gwp_bio": 0.0000872375,
              "gwp_lul": 0.00102795,
              "odp": 5.694500000000001e-17,
              "ap": 0.0005495,
              "ep_fw": 3.32675e-7,
              "ep_mar": 0.00025795,
              "ep_ter": 0.0028770000000000002,
              "pocp": 0.0004987500000000001,
              "adpe": 1.474725e-8,
              "adpf": 2.12625,
              "wdp": 0.00062685
            },
            "c1": {
              "gwp": null,
              "gwp_fos": 0.0,
              "gwp_bio": 0.0,
              "gwp_lul": 0.0,
              "odp": 0.0,
              "ap": 0.0,
              "ep_fw": 0.0,
              "ep_mar": 0.0,
              "ep_ter": 0.0,
              "pocp": 0.0,
              "adpe": 0.0,
              "adpf": 0.0,
              "wdp": 0.0
            },
            "c2": {
              "gwp": 0.0,
              "gwp_fos": null,
              "gwp_bio": 0.0,
              "gwp_lul": 0.0,
              "odp": 0.0,
              "ap": 0.0,
              "ep_fw": 0.0,
              "ep_mar": 0.0,
              "ep_ter": 0.0,
              "pocp": 0.0,
              "adpe": 0.0,
              "adpf": 0.0,
              "wdp": 0.0
            },
            "c3": {
              "gwp": 0.0,
              "gwp_fos": 0.0,
              "gwp_bio": null,
              "gwp_lul": 0.0,
              "odp": 0.0,
              "ap": 0.0,
              "ep_fw": 0.0,
              "ep_mar": 0.0,
              "ep_ter": 0.0,
              "pocp": 0.0,
              "adpe": 0.0,
              "adpf": 0.0,
              "wdp": 0.0
            },
            "c4": {
              "gwp": 0.0,
              "gwp_fos": 0.0,
              "gwp_bio": 0.0,
              "gwp_lul": null,
              "odp": 0.0,
              "ap": 0.0,
              "ep_fw": 0.0,
              "ep_mar": 0.0,
              "ep_ter": 0.0,
              "pocp": 0.0,
              "adpe": 0.0,
              "adpf": 0.0,
              "wdp": 0.0
            },
            "d": {
              "gwp": 0.0,
              "gwp_fos": 0.0,
              "gwp_bio": 0.0,
              "gwp_lul": 0.0,
              "odp": null,
              "ap": 0.0,
              "ep_fw": 0.0,
              "ep_mar": 0.0,
              "ep_ter": 0.0,
              "pocp": 0.0,
              "adpe": 0.0,
              "adpf": 0.0,
              "wdp": 0.0
            }
          },
          "location": "dnk",
          "meta_data": {
            "category": "Transportmidler",
            "created": "2024-06-05",
            "origin": "https://github.com/ocni-dtu/infralca"
          },
          "name": "Lastbil 26 ton diesel",
          "published_date": "2023-09-21",
          "reference_service_life": 0,
          "source": {
            "name": "InfraLCA",
            "url": null
          },
          "standard": "en15804a2",
          "subtype": "generic",
          "valid_until": "2028-09-19",
          "version": "3.1"
        }
      },
      "life_cycle_stages": [
        "a4"
      ],
      "name": "Lastbil 26 ton diesel"
    }
  ],
  "unit": "m3"
}