{
  "description": null,
  "id": "21b4b6d2-e3fd-5fe9-922c-e39577a3b951",
  "impact_data": {
    "epd": {
      "comment": "Gennemsnit af EPD: NEPD-3906-2865-EN, S-P-06859",
      "conversions": null,
      "declared_unit": "m",
      "format_version": "2.2.1",
      "id": "8ceeaa53-1370-5af4-93a0-c728d025cc7a",
      "impacts": {
        "a1a3": {
          "gwp": 19.051182136810105,
          "gwp_fos": 18.891682136810104,
          "gwp_bio": 0.0792437251964695,
          "gwp_lul": 0.09643129079379834,
          "odp": 6.094535540652702e-7,
          "ap": 0.11638491478892278,
          "ep_fw": 0.00032513230975541506,
          "ep_mar": 0.01715360583740817,
          "ep_ter": 0.1878612215492751,
          "pocp": 0.056640234741305306,
          "adpe": 0.00015928902824085712,
          "adpf": 219.8888031368718,
          "wdp": 3188.9511662722257
        },
        "c1": {
          "gwp": null,
          "gwp_fos": 0.0,
          "gwp_bio": 0.0,
          "gwp_lul": 0.0,
          "odp": 0.0,
          "ap": 0.0,
          "ep_fw": 0.0,
          "ep_mar": 0.0,
          "ep_ter": 0.0,
          "pocp": 0.0,
          "adpe": 0.0,
          "adpf": 0.0,
          "wdp": 0.0
        },
        "c2": {
          "gwp": 0.0,
          "gwp_fos": null,
          "gwp_bio": 0.102,
          "gwp_lul": 0.102,
          "odp": 0.0000417,
          "ap": 0.0000357,
          "ep_fw": 2.33e-8,
          "ep_mar": 0.000418,
          "ep_ter": 8.02e-7,
          "pocp": 0.000124,
          "adpe": 0.00137,
          "adpf": 0.000419,
          "wdp": 2.77e-6
        },
        "c3": {
          "gwp": 1.54,
          "gwp_fos": 1.47,
          "gwp_bio": null,
          "gwp_lul": 0.583,
          "odp": 0.583,
          "ap": 4.85e-6,
          "ep_fw": 7.2e-7,
          "ep_mar": 4.6e-10,
          "ep_ter": 0.0000739,
          "pocp": 4.58e-8,
          "adpe": 0.0000355,
          "adpf": 0.000383,
          "wdp": 0.0000918
        },
        "c4": {
          "gwp": 2.11e-8,
          "gwp_fos": 0.0388,
          "gwp_bio": 0.0945,
          "gwp_lul": null,
          "odp": 0.0267,
          "ap": 0.0267,
          "ep_fw": 2.17e-6,
          "ep_mar": 2.12e-6,
          "ep_ter": 1.82e-9,
          "pocp": 0.0000489,
          "adpe": 1.01e-7,
          "adpf": 0.0000405,
          "wdp": 0.000196
        },
        "d": {
          "gwp": 0.0000602,
          "gwp_fos": 4.86e-8,
          "gwp_bio": 0.145,
          "gwp_lul": 2.92,
          "odp": null,
          "ap": -4.93,
          "ep_fw": -4.81,
          "ep_mar": -0.022,
          "ep_ter": -0.092,
          "pocp": -0.0024,
          "adpe": -0.0327,
          "adpf": -0.000188,
          "wdp": -0.00417
        }
      },
      "location": "dnk",
      "meta_data": {
        "category": "TEKNIK",
        "created": "2024-06-05",
        "origin": "https://github.com/ocni-dtu/infralca"
      },
      "name": "Kabelleverance Alu, 4G95 mm2",
      "published_date": "2023-09-21",
      "reference_service_life": 20,
      "source": {
        "name": "InfraLCA",
        "url": null
      },
      "standard": "en15804a2",
      "subtype": "representative",
      "valid_until": "2028-09-19",
      "version": "3.1"
    }
  },
  "meta_data": {
    "category": "TEKNIK",
    "created": "2024-06-05",
    "origin": "https://github.com/ocni-dtu/infralca"
  },
  "name": "Kabelleverance Alu, 4G95 mm2",
  "quantity": 1.0,
  "reference_service_life": 20,
  "results": null,
  "transport": [
    {
      "distance": 1500.0,
      "distance_unit": "km",
      "id": "26bebde3-b24f-4b0c-bc13-10d96c20e061",
      "impact_data": {
        "epd": {
          "comment": "2021: 20-26 ton lastbil, der overholder EURONORM 5.  Ökobau database værdier (Process Data set: Truck) nyttegrad korrigeret til 49 % for bulk transport",
          "conversions": null,
          "declared_unit": "tones_km",
          "format_version": "2.2.1",
          "id": "9307ed80-66ed-5f86-94df-4dd694c826ee",
          "impacts": {
            "a1a3": {
              "gwp": 0.16122750000000002,
              "gwp_fos": 0.1601075,
              "gwp_bio": 0.0000872375,
              "gwp_lul": 0.00102795,
              "odp": 5.694500000000001e-17,
              "ap": 0.0005495,
              "ep_fw": 3.32675e-7,
              "ep_mar": 0.00025795,
              "ep_ter": 0.0028770000000000002,
              "pocp": 0.0004987500000000001,
              "adpe": 1.474725e-8,
              "adpf": 2.12625,
              "wdp": 0.00062685
            },
            "c1": {
              "gwp": null,
              "gwp_fos": 0.0,
              "gwp_bio": 0.0,
              "gwp_lul": 0.0,
              "odp": 0.0,
              "ap": 0.0,
              "ep_fw": 0.0,
              "ep_mar": 0.0,
              "ep_ter": 0.0,
              "pocp": 0.0,
              "adpe": 0.0,
              "adpf": 0.0,
              "wdp": 0.0
            },
            "c2": {
              "gwp": 0.0,
              "gwp_fos": null,
              "gwp_bio": 0.0,
              "gwp_lul": 0.0,
              "odp": 0.0,
              "ap": 0.0,
              "ep_fw": 0.0,
              "ep_mar": 0.0,
              "ep_ter": 0.0,
              "pocp": 0.0,
              "adpe": 0.0,
              "adpf": 0.0,
              "wdp": 0.0
            },
            "c3": {
              "gwp": 0.0,
              "gwp_fos": 0.0,
              "gwp_bio": null,
              "gwp_lul": 0.0,
              "odp": 0.0,
              "ap": 0.0,
              "ep_fw": 0.0,
              "ep_mar": 0.0,
              "ep_ter": 0.0,
              "pocp": 0.0,
              "adpe": 0.0,
              "adpf": 0.0,
              "wdp": 0.0
            },
            "c4": {
              "gwp": 0.0,
              "gwp_fos": 0.0,
              "gwp_bio": 0.0,
              "gwp_lul": null,
              "odp": 0.0,
              "ap": 0.0,
              "ep_fw": 0.0,
              "ep_mar": 0.0,
              "ep_ter": 0.0,
              "pocp": 0.0,
              "adpe": 0.0,
              "adpf": 0.0,
              "wdp": 0.0
            },
            "d": {
              "gwp": 0.0,
              "gwp_fos": 0.0,
              "gwp_bio": 0.0,
              "gwp_lul": 0.0,
              "odp": null,
              "ap": 0.0,
              "ep_fw": 0.0,
              "ep_mar": 0.0,
              "ep_ter": 0.0,
              "pocp": 0.0,
              "adpe": 0.0,
              "adpf": 0.0,
              "wdp": 0.0
            }
          },
          "location": "dnk",
          "meta_data": {
            "category": "Transportmidler",
            "created": "2024-06-05",
            "origin": "https://github.com/ocni-dtu/infralca"
          },
          "name": "Lastbil 26 ton diesel",
          "published_date": "2023-09-21",
          "reference_service_life": 0,
          "source": {
            "name": "InfraLCA",
            "url": null
          },
          "standard": "en15804a2",
          "subtype": "generic",
          "valid_until": "2028-09-19",
          "version": "3.1"
        }
      },
      "life_cycle_stages": [
        "a4"
      ],
      "name": "Lastbil 26 ton diesel"
    }
  ],
  "unit": "m"
}