{
  "description": null,
  "id": "3022dbb6-7c2b-5a92-aa52-19a3a9e9cdd2",
  "impact_data": {
    "epd": {
      "comment": "Gennemsnit af BREG_EN_EPD_000427, S-P-01853, S-P-01339 og S-P-01855",
      "conversions": null,
      "declared_unit": "tones",
      "format_version": "2.2.1",
      "id": "221614a2-6184-5ddd-a9df-59bf9a28d374",
      "impacts": {
        "a1a3": {
          "gwp": 3238.6804514366627,
          "gwp_fos": 2811.884973416307,
          "gwp_bio": 100.90551415833644,
          "gwp_lul": 368.04091281207474,
          "odp": 174.98390022944318,
          "ap": 16.516444706697108,
          "ep_fw": 1.2740335271630499,
          "ep_mar": 6.118611905071325,
          "ep_ter": 23.931104154105192,
          "pocp": 8.910471075727054,
          "adpe": 0.016806307160933825,
          "adpf": 41949.784734673354,
          "wdp": 1084.9884200245674
        },
        "c1": {
          "gwp": null,
          "gwp_fos": 0.0,
          "gwp_bio": 0.0,
          "gwp_lul": 0.0,
          "odp": 0.0,
          "ap": 0.0,
          "ep_fw": 0.0,
          "ep_mar": 0.0,
          "ep_ter": 0.0,
          "pocp": 0.0,
          "adpe": 0.0,
          "adpf": 0.0,
          "wdp": 0.0
        },
        "c2": {
          "gwp": 0.0,
          "gwp_fos": null,
          "gwp_bio": 7.778069273156713,
          "gwp_lul": 7.788799841038702,
          "odp": 0.05064516924764731,
          "ap": 0.002253208575516214,
          "ep_fw": 1.8601639314175973e-6,
          "ep_mar": 0.05817764893575242,
          "ep_ter": 0.011206162381021885,
          "pocp": 0.014481652606752951,
          "adpe": 0.048353247880112096,
          "adpf": 0.021442974286567,
          "wdp": 0.00003706035016252634
        },
        "c3": {
          "gwp": 123.48012325168054,
          "gwp_fos": 0.5630372527863867,
          "gwp_bio": null,
          "gwp_lul": 12.683884297520663,
          "odp": 12.683884297520663,
          "ap": 0.0013826446280991737,
          "ep_fw": 0.0003673553719008265,
          "ep_mar": 5.278925619834711e-7,
          "ep_ter": 0.012394628099173554,
          "pocp": 0.0001431818181818182,
          "adpe": 0.004743801652892563,
          "adpf": 0.05177685950413224,
          "wdp": 0.0175
        },
        "c4": {
          "gwp": 4.7438016528925625e-6,
          "gwp_fos": 38.7603305785124,
          "gwp_bio": 0.0033119834710743806,
          "gwp_lul": null,
          "odp": 18.655317860177245,
          "ap": 18.616061391639164,
          "ep_fw": 0.09893232908706216,
          "ep_mar": 0.0019854238424796633,
          "ep_ter": 3.2595078294538273e-6,
          "pocp": 0.13172627253599414,
          "adpe": 0.026569047094088107,
          "adpf": 0.03976261041783092,
          "wdp": 0.19832307638413083
        },
        "d": {
          "gwp": 0.06380013551405625,
          "gwp_fos": 0.000031169790854813074,
          "gwp_bio": 223.25384448111066,
          "gwp_lul": 3.266557254794771,
          "odp": null,
          "ap": 322.245867768595,
          "ep_fw": -49.739669421487605,
          "ep_mar": 371.8726136363636,
          "ep_ter": -0.29626549586776857,
          "pocp": -8.316198347107437e-6,
          "adpe": -0.9424400826446281,
          "adpf": -0.36813636363636365,
          "wdp": -0.29855268595041323
        }
      },
      "location": "dnk",
      "meta_data": {
        "category": "OVERFLADEBEHANDLINGER",
        "created": "2024-06-05",
        "origin": "https://github.com/ocni-dtu/infralca"
      },
      "name": "Akryloverfladebeskyttelse",
      "published_date": "2023-09-21",
      "reference_service_life": 0,
      "source": {
        "name": "InfraLCA",
        "url": null
      },
      "standard": "en15804a2",
      "subtype": "representative",
      "valid_until": "2028-09-19",
      "version": "3.1"
    }
  },
  "meta_data": {
    "category": "OVERFLADEBEHANDLINGER",
    "created": "2024-06-05",
    "origin": "https://github.com/ocni-dtu/infralca"
  },
  "name": "Akryloverfladebeskyttelse",
  "quantity": 1.0,
  "reference_service_life": 0,
  "results": null,
  "transport": [
    {
      "distance": 124.91850154636816,
      "distance_unit": "km",
      "id": "1e48dcd8-c81c-4a92-93e1-3458f0e19bd1",
      "impact_data": {
        "epd": {
          "comment": "2021: 20-26 ton lastbil, der overholder EURONORM 5.  Ökobau database værdier (Process Data set: Truck) nyttegrad korrigeret til 49 % for bulk transport",
          "conversions": null,
          "declared_unit": "tones_km",
          "format_version": "2.2.1",
          "id": "9307ed80-66ed-5f86-94df-4dd694c826ee",
          "impacts": {
            "a1a3": {
              "gwp": 0.16122750000000002,
              "gwp_fos": 0.1601075,
              "gwp_bio": 0.0000872375,
              "gwp_lul": 0.00102795,
              "odp": 5.694500000000001e-17,
              "ap": 0.0005495,
              "ep_fw": 3.32675e-7,
              "ep_mar": 0.00025795,
              "ep_ter": 0.0028770000000000002,
              "pocp": 0.0004987500000000001,
              "adpe": 1.474725e-8,
              "adpf": 2.12625,
              "wdp": 0.00062685
            },
            "c1": {
              "gwp": null,
              "gwp_fos": 0.0,
              "gwp_bio": 0.0,
              "gwp_lul": 0.0,
              "odp": 0.0,
              "ap": 0.0,
              "ep_fw": 0.0,
              "ep_mar": 0.0,
              "ep_ter": 0.0,
              "pocp": 0.0,
              "adpe": 0.0,
              "adpf": 0.0,
              "wdp": 0.0
            },
            "c2": {
              "gwp": 0.0,
              "gwp_fos": null,
              "gwp_bio": 0.0,
              "gwp_lul": 0.0,
              "odp": 0.0,
              "ap": 0.0,
              "ep_fw": 0.0,
              "ep_mar": 0.0,
              "ep_ter": 0.0,
              "pocp": 0.0,
              "adpe": 0.0,
              "adpf": 0.0,
              "wdp": 0.0
            },
            "c3": {
              "gwp": 0.0,
              "gwp_fos": 0.0,
              "gwp_bio": null,
              "gwp_lul": 0.0,
              "odp": 0.0,
              "ap": 0.0,
              "ep_fw": 0.0,
              "ep_mar": 0.0,
              "ep_ter": 0.0,
              "pocp": 0.0,
              "adpe": 0.0,
              "adpf": 0.0,
              "wdp": 0.0
            },
            "c4": {
              "gwp": 0.0,
              "gwp_fos": 0.0,
              "gwp_bio": 0.0,
              "gwp_lul": null,
              "odp": 0.0,
              "ap": 0.0,
              "ep_fw": 0.0,
              "ep_mar": 0.0,
              "ep_ter": 0.0,
              "pocp": 0.0,
              "adpe": 0.0,
              "adpf": 0.0,
              "wdp": 0.0
            },
            "d": {
              "gwp": 0.0,
              "gwp_fos": 0.0,
              "gwp_bio": 0.0,
              "gwp_lul": 0.0,
              "odp": null,
              "ap": 0.0,
              "ep_fw": 0.0,
              "ep_mar": 0.0,
              "ep_ter": 0.0,
              "pocp": 0.0,
              "adpe": 0.0,
              "adpf": 0.0,
              "wdp": 0.0
            }
          },
          "location": "dnk",
          "meta_data": {
            "category": "Transportmidler",
            "created": "2024-06-05",
            "origin": "https://github.com/ocni-dtu/infralca"
          },
          "name": "Lastbil 26 ton diesel",
          "published_date": "2023-09-21",
          "reference_service_life": 0,
          "source": {
            "name": "InfraLCA",
            "url": null
          },
          "standard": "en15804a2",
          "subtype": "generic",
          "valid_until": "2028-09-19",
          "version": "3.1"
        }
      },
      "life_cycle_stages": [
        "a4"
      ],
      "name": "Lastbil 26 ton diesel"
    }
  ],
  "unit": "tones"
}