{
  "description": null,
  "id": "367ce7d4-7330-5a2f-b1bd-3465c95ab875",
  "impact_data": {
    "epd": {
      "comment": "Udarbejdet som kombination af 3,8 kg epoxy og 14,5 kg sand pr m2",
      "conversions": null,
      "declared_unit": "m2",
      "format_version": "2.2.1",
      "id": "1410f5c2-bdc4-5499-a96b-76ba7c995237",
      "impacts": {
        "a1a3": {
          "gwp": 21.369723333333333,
          "gwp_fos": 0.0,
          "gwp_bio": 0.0,
          "gwp_lul": 0.0,
          "odp": 0.0,
          "ap": 0.0,
          "ep_fw": 0.0,
          "ep_mar": 0.0,
          "ep_ter": 0.0,
          "pocp": 0.0,
          "adpe": 0.0,
          "adpf": 0.0,
          "wdp": 0.0
        },
        "c1": {
          "gwp": null,
          "gwp_fos": 0.009690733333333335,
          "gwp_bio": 0.009744840000000001,
          "gwp_lul": 0.000041837999999999995,
          "odp": 0.0000609216296,
          "ap": 2.665093213333333e-16,
          "ep_fw": 0.00007211613333333333,
          "ep_mar": 2.629456e-8,
          "ep_ter": 0.00003548426666666667,
          "pocp": 0.0003891626666666667,
          "adpe": 0.00010554693333333334,
          "adpf": 7.329202666666668e-10,
          "wdp": 0.1288896
        },
        "c2": {
          "gwp": 0.00008008144,
          "gwp_fos": null,
          "gwp_bio": 0.0418532,
          "gwp_lul": 0.0400444,
          "odp": 0.00183388,
          "ap": 9.439200000000001e-7,
          "ep_fw": 4.185320000000001e-18,
          "ep_mar": 0.000126236,
          "ep_ter": 8.4892e-9,
          "pocp": 0.00005806399999999999,
          "adpe": 0.00063916,
          "adpf": 0.000114608,
          "wdp": 1.19016e-9
        },
        "c3": {
          "gwp": 0.56164,
          "gwp_fos": 0.000077672,
          "gwp_bio": null,
          "gwp_lul": 2.73068,
          "odp": 1.4516,
          "ap": 1.27908,
          "ep_fw": 0.000118332,
          "ep_mar": 1.0222000000000001e-15,
          "ep_ter": 0.0017761200000000002,
          "pocp": 3.5096799999999997e-7,
          "adpe": 0.0006801999999999999,
          "adpf": 0.0085272,
          "wdp": 0.0017639599999999997
        },
        "c4": {
          "gwp": 1.56104e-8,
          "gwp_fos": 1.8673199999999999,
          "gwp_bio": 0.53048,
          "gwp_lul": null,
          "odp": 0.0,
          "ap": 0.0,
          "ep_fw": 0.0,
          "ep_mar": 0.0,
          "ep_ter": 0.0,
          "pocp": 0.0,
          "adpe": 0.0,
          "adpf": 0.0,
          "wdp": 0.0
        },
        "d": {
          "gwp": 0.0,
          "gwp_fos": 0.0,
          "gwp_bio": 0.0,
          "gwp_lul": 0.0,
          "odp": null,
          "ap": -1.0388198000000002,
          "ep_fw": -1.0347253733333333,
          "ep_mar": -0.00334446904,
          "ep_ter": -0.0006270775466666668,
          "pocp": -1.5321761341161333e-9,
          "adpe": -0.0015603440933333332,
          "adpf": -4.692074546666668e-6,
          "wdp": -0.00044679174666666663
        }
      },
      "location": "dnk",
      "meta_data": {
        "category": "ANDET",
        "created": "2024-06-05",
        "origin": "https://github.com/ocni-dtu/infralca"
      },
      "name": "Kunststofbelægning epoxy og rådasand",
      "published_date": "2023-09-21",
      "reference_service_life": 0,
      "source": {
        "name": "InfraLCA",
        "url": null
      },
      "standard": "en15804a1",
      "subtype": "generic",
      "valid_until": "2028-09-19",
      "version": "3.1"
    }
  },
  "meta_data": {
    "category": "ANDET",
    "created": "2024-06-05",
    "origin": "https://github.com/ocni-dtu/infralca"
  },
  "name": "Kunststofbelægning epoxy og rådasand",
  "quantity": 1.0,
  "reference_service_life": 0,
  "results": null,
  "transport": null,
  "unit": "m2"
}