{
  "description": null,
  "id": "3cc72c1f-4cb8-5e55-8c25-978ff39a0dfc",
  "impact_data": {
    "epd": {
      "comment": "Udarbejdet som kombination af 950 kg galvaniseret stål og 1 stk belysningsarmatur (gennemsnit NEPD-4447-3710, S-P-03810, S-P-09191) ",
      "conversions": null,
      "declared_unit": "pcs",
      "format_version": "2.2.1",
      "id": "c1cbd039-a230-5263-9981-69f73296774f",
      "impacts": {
        "a1a3": {
          "gwp": 1923.6297267135476,
          "gwp_fos": 1908.4775370446828,
          "gwp_bio": 3.3257364506521463,
          "gwp_lul": 3.1470669593628546,
          "odp": 0.000014304930423709163,
          "ap": 6.608232132505533,
          "ep_fw": 0.7527963519864167,
          "ep_mar": 0.03325395359944583,
          "ep_ter": 14.09879565451567,
          "pocp": 4.788032569898959,
          "adpe": 0.021628506542135592,
          "adpf": 20650.18723076237,
          "wdp": 2421.218582123236
        },
        "c1": {
          "gwp": null,
          "gwp_fos": 1.121438095185429,
          "gwp_bio": 1.1455775253699287,
          "gwp_lul": -0.004725245940052501,
          "odp": 0.005284064245111004,
          "ap": 1.3438249728743652e-7,
          "ep_fw": 0.009076045600865123,
          "ep_mar": 0.00002154491662529972,
          "ep_ter": 0.004033375657599119,
          "pocp": 0.044439360449890386,
          "adpe": 0.011944266084991923,
          "adpf": 3.75282605954934e-7,
          "wdp": 17.25874221065033
        },
        "c2": {
          "gwp": 0.0198057372064952,
          "gwp_fos": null,
          "gwp_bio": 11.764447779933422,
          "gwp_lul": 11.648502485346453,
          "odp": 0.07398184002881704,
          "ap": 0.05358197931952387,
          "ep_fw": 1.3232833909413537e-6,
          "ep_mar": 0.03988415512327899,
          "ep_ter": 0.00034558181951579314,
          "pocp": 0.014224472477146796,
          "adpe": 0.15789073929859,
          "adpf": 0.03661994479251246,
          "wdp": 0.000022876304863018445
        },
        "c3": {
          "gwp": 171.47474898333795,
          "gwp_fos": 5.879700705714474,
          "gwp_bio": null,
          "gwp_lul": 32.021982081004225,
          "odp": 33.00639790016327,
          "ap": 0.0886817382887698,
          "ep_fw": 0.0230211515082296,
          "ep_mar": 4.987620193473761e-6,
          "ep_ter": 0.337350983035101,
          "pocp": 0.016229833074299184,
          "adpe": 0.10012087909137128,
          "adpf": 1.113392451925413,
          "wdp": 0.30462835995348697
        },
        "c4": {
          "gwp": 0.0010498679952696372,
          "gwp_fos": 427.9655851294079,
          "gwp_bio": 27.221657061887576,
          "gwp_lul": null,
          "odp": 0.9660698127209857,
          "ap": 0.9253095157073006,
          "ep_fw": 0.039821330201784015,
          "ep_mar": 0.0009185242760153178,
          "ep_ter": 1.565259129083202e-7,
          "pocp": 0.007068276472658342,
          "adpe": 0.000029478271022208488,
          "adpf": 0.003168967961128289,
          "wdp": 0.032109156043772444
        },
        "d": {
          "gwp": 0.009086860664658072,
          "gwp_fos": 1.1712057517114972e-6,
          "gwp_bio": 11.412953010029137,
          "gwp_lul": 15.675060322676055,
          "odp": null,
          "ap": -435.43411975404086,
          "ep_fw": -434.8429786725406,
          "ep_mar": -0.23946571120950277,
          "ep_ter": -0.15354063268823648,
          "pocp": -0.013501811408323667,
          "adpe": -1.0253394078697637,
          "adpf": -0.004509931719322373,
          "wdp": -0.15326191586105742
        }
      },
      "location": "dnk",
      "meta_data": {
        "category": "TEKNIK",
        "created": "2024-06-05",
        "origin": "https://github.com/ocni-dtu/infralca"
      },
      "name": "8 m. gittermast inkl. armatur og 4 m. funderingspæl",
      "published_date": "2023-09-21",
      "reference_service_life": 20,
      "source": {
        "name": "InfraLCA",
        "url": null
      },
      "standard": "en15804a2",
      "subtype": "generic",
      "valid_until": "2028-09-19",
      "version": "3.1"
    }
  },
  "meta_data": {
    "category": "TEKNIK",
    "created": "2024-06-05",
    "origin": "https://github.com/ocni-dtu/infralca"
  },
  "name": "8 m. gittermast inkl. armatur og 4 m. funderingspæl",
  "quantity": 1.0,
  "reference_service_life": 20,
  "results": null,
  "transport": [
    {
      "distance": 138.0,
      "distance_unit": "km",
      "id": "0aa3db0b-f5ee-41a5-940e-43eb13d20276",
      "impact_data": {
        "epd": {
          "comment": "2021: 20-26 ton lastbil, der overholder EURONORM 5.  Ökobau database værdier (Process Data set: Truck) nyttegrad korrigeret til 49 % for bulk transport",
          "conversions": null,
          "declared_unit": "tones_km",
          "format_version": "2.2.1",
          "id": "9307ed80-66ed-5f86-94df-4dd694c826ee",
          "impacts": {
            "a1a3": {
              "gwp": 0.16122750000000002,
              "gwp_fos": 0.1601075,
              "gwp_bio": 0.0000872375,
              "gwp_lul": 0.00102795,
              "odp": 5.694500000000001e-17,
              "ap": 0.0005495,
              "ep_fw": 3.32675e-7,
              "ep_mar": 0.00025795,
              "ep_ter": 0.0028770000000000002,
              "pocp": 0.0004987500000000001,
              "adpe": 1.474725e-8,
              "adpf": 2.12625,
              "wdp": 0.00062685
            },
            "c1": {
              "gwp": null,
              "gwp_fos": 0.0,
              "gwp_bio": 0.0,
              "gwp_lul": 0.0,
              "odp": 0.0,
              "ap": 0.0,
              "ep_fw": 0.0,
              "ep_mar": 0.0,
              "ep_ter": 0.0,
              "pocp": 0.0,
              "adpe": 0.0,
              "adpf": 0.0,
              "wdp": 0.0
            },
            "c2": {
              "gwp": 0.0,
              "gwp_fos": null,
              "gwp_bio": 0.0,
              "gwp_lul": 0.0,
              "odp": 0.0,
              "ap": 0.0,
              "ep_fw": 0.0,
              "ep_mar": 0.0,
              "ep_ter": 0.0,
              "pocp": 0.0,
              "adpe": 0.0,
              "adpf": 0.0,
              "wdp": 0.0
            },
            "c3": {
              "gwp": 0.0,
              "gwp_fos": 0.0,
              "gwp_bio": null,
              "gwp_lul": 0.0,
              "odp": 0.0,
              "ap": 0.0,
              "ep_fw": 0.0,
              "ep_mar": 0.0,
              "ep_ter": 0.0,
              "pocp": 0.0,
              "adpe": 0.0,
              "adpf": 0.0,
              "wdp": 0.0
            },
            "c4": {
              "gwp": 0.0,
              "gwp_fos": 0.0,
              "gwp_bio": 0.0,
              "gwp_lul": null,
              "odp": 0.0,
              "ap": 0.0,
              "ep_fw": 0.0,
              "ep_mar": 0.0,
              "ep_ter": 0.0,
              "pocp": 0.0,
              "adpe": 0.0,
              "adpf": 0.0,
              "wdp": 0.0
            },
            "d": {
              "gwp": 0.0,
              "gwp_fos": 0.0,
              "gwp_bio": 0.0,
              "gwp_lul": 0.0,
              "odp": null,
              "ap": 0.0,
              "ep_fw": 0.0,
              "ep_mar": 0.0,
              "ep_ter": 0.0,
              "pocp": 0.0,
              "adpe": 0.0,
              "adpf": 0.0,
              "wdp": 0.0
            }
          },
          "location": "dnk",
          "meta_data": {
            "category": "Transportmidler",
            "created": "2024-06-05",
            "origin": "https://github.com/ocni-dtu/infralca"
          },
          "name": "Lastbil 26 ton diesel",
          "published_date": "2023-09-21",
          "reference_service_life": 0,
          "source": {
            "name": "InfraLCA",
            "url": null
          },
          "standard": "en15804a2",
          "subtype": "generic",
          "valid_until": "2028-09-19",