{
  "description": null,
  "id": "6634d755-83c4-57c3-8b49-0fb1b861aab2",
  "impact_data": {
    "epd": {
      "comment": "Gennemsnit af EPD: NEPD-3977-3018, S-P-06859",
      "conversions": null,
      "declared_unit": "m",
      "format_version": "2.2.1",
      "id": "c79725ac-4236-51e8-b43d-19731508194b",
      "impacts": {
        "a1a3": {
          "gwp": 6.042976959596295,
          "gwp_fos": 6.001976959596295,
          "gwp_bio": 0.01871925839115567,
          "gwp_lul": 0.02460910393911225,
          "odp": 1.755512149663026e-7,
          "ap": 0.03670670163673185,
          "ep_fw": 0.00008463591514225957,
          "ep_mar": 0.005477908336376614,
          "ep_ter": 0.05990649912021513,
          "pocp": 0.01794919471465091,
          "adpe": 0.00004363440712459746,
          "adpf": 70.37020699843963,
          "wdp": 747.642059194582
        },
        "c1": {
          "gwp": null,
          "gwp_fos": 0.0,
          "gwp_bio": 0.0,
          "gwp_lul": 0.0,
          "odp": 0.0,
          "ap": 0.0,
          "ep_fw": 0.0,
          "ep_mar": 0.0,
          "ep_ter": 0.0,
          "pocp": 0.0,
          "adpe": 0.0,
          "adpf": 0.0,
          "wdp": 0.0
        },
        "c2": {
          "gwp": 0.0,
          "gwp_fos": null,
          "gwp_bio": 0.0234,
          "gwp_lul": 0.0233,
          "odp": 9.52e-6,
          "ap": 8.16e-6,
          "ep_fw": 5.32e-9,
          "ep_mar": 0.0000954,
          "ep_ter": 1.83e-7,
          "pocp": 0.0000283,
          "adpe": 0.000313,
          "adpf": 0.0000958,
          "wdp": 6.32e-7
        },
        "c3": {
          "gwp": 0.352,
          "gwp_fos": 0.336,
          "gwp_bio": null,
          "gwp_lul": 0.309,
          "odp": 0.309,
          "ap": 2.59e-6,
          "ep_fw": 3.86e-7,
          "ep_mar": 2.46e-10,
          "ep_ter": 0.0000393,
          "pocp": 2.45e-8,
          "adpe": 0.0000189,
          "adpf": 0.000204,
          "wdp": 0.0000488
        },
        "c4": {
          "gwp": 1.13e-8,
          "gwp_fos": 0.0207,
          "gwp_bio": 0.0512,
          "gwp_lul": null,
          "odp": 0.0131,
          "ap": 0.0131,
          "ep_fw": 1.15e-6,
          "ep_mar": 6.96e-7,
          "ep_ter": 6.55e-10,
          "pocp": 0.0000174,
          "adpe": 3.36e-8,
          "adpf": 0.0000184,
          "wdp": 0.0000693
        },
        "d": {
          "gwp": 0.0000222,
          "gwp_fos": 1.74e-8,
          "gwp_bio": 0.0513,
          "gwp_lul": 0.889,
          "odp": null,
          "ap": -1.34,
          "ep_fw": -1.31,
          "ep_mar": -0.00596,
          "ep_ter": -0.0251,
          "pocp": -0.00127,
          "adpe": -0.00887,
          "adpf": -0.0000514,
          "wdp": -0.00115
        }
      },
      "location": "dnk",
      "meta_data": {
        "category": "TEKNIK",
        "created": "2024-06-05",
        "origin": "https://github.com/ocni-dtu/infralca"
      },
      "name": "Kabelleverance Alu, 4G25 mm2",
      "published_date": "2023-09-21",
      "reference_service_life": 20,
      "source": {
        "name": "InfraLCA",
        "url": null
      },
      "standard": "en15804a2",
      "subtype": "representative",
      "valid_until": "2028-09-19",
      "version": "3.1"
    }
  },
  "meta_data": {
    "category": "TEKNIK",
    "created": "2024-06-05",
    "origin": "https://github.com/ocni-dtu/infralca"
  },
  "name": "Kabelleverance Alu, 4G25 mm2",
  "quantity": 1.0,
  "reference_service_life": 20,
  "results": null,
  "transport": [
    {
      "distance": 1500.0,
      "distance_unit": "km",
      "id": "fa64151e-9195-484d-bd14-781c91f586d9",
      "impact_data": {
        "epd": {
          "comment": "2021: 20-26 ton lastbil, der overholder EURONORM 5.  Ökobau database værdier (Process Data set: Truck) nyttegrad korrigeret til 49 % for bulk transport",
          "conversions": null,
          "declared_unit": "tones_km",
          "format_version": "2.2.1",
          "id": "9307ed80-66ed-5f86-94df-4dd694c826ee",
          "impacts": {
            "a1a3": {
              "gwp": 0.16122750000000002,
              "gwp_fos": 0.1601075,
              "gwp_bio": 0.0000872375,
              "gwp_lul": 0.00102795,
              "odp": 5.694500000000001e-17,
              "ap": 0.0005495,
              "ep_fw": 3.32675e-7,
              "ep_mar": 0.00025795,
              "ep_ter": 0.0028770000000000002,
              "pocp": 0.0004987500000000001,
              "adpe": 1.474725e-8,
              "adpf": 2.12625,
              "wdp": 0.00062685
            },
            "c1": {
              "gwp": null,
              "gwp_fos": 0.0,
              "gwp_bio": 0.0,
              "gwp_lul": 0.0,
              "odp": 0.0,
              "ap": 0.0,
              "ep_fw": 0.0,
              "ep_mar": 0.0,
              "ep_ter": 0.0,
              "pocp": 0.0,
              "adpe": 0.0,
              "adpf": 0.0,
              "wdp": 0.0
            },
            "c2": {
              "gwp": 0.0,
              "gwp_fos": null,
              "gwp_bio": 0.0,
              "gwp_lul": 0.0,
              "odp": 0.0,
              "ap": 0.0,
              "ep_fw": 0.0,
              "ep_mar": 0.0,
              "ep_ter": 0.0,
              "pocp": 0.0,
              "adpe": 0.0,
              "adpf": 0.0,
              "wdp": 0.0
            },
            "c3": {
              "gwp": 0.0,
              "gwp_fos": 0.0,
              "gwp_bio": null,
              "gwp_lul": 0.0,
              "odp": 0.0,
              "ap": 0.0,
              "ep_fw": 0.0,
              "ep_mar": 0.0,
              "ep_ter": 0.0,
              "pocp": 0.0,
              "adpe": 0.0,
              "adpf": 0.0,
              "wdp": 0.0
            },
            "c4": {
              "gwp": 0.0,
              "gwp_fos": 0.0,
              "gwp_bio": 0.0,
              "gwp_lul": null,
              "odp": 0.0,
              "ap": 0.0,
              "ep_fw": 0.0,
              "ep_mar": 0.0,
              "ep_ter": 0.0,
              "pocp": 0.0,
              "adpe": 0.0,
              "adpf": 0.0,
              "wdp": 0.0
            },
            "d": {
              "gwp": 0.0,
              "gwp_fos": 0.0,
              "gwp_bio": 0.0,
              "gwp_lul": 0.0,
              "odp": null,
              "ap": 0.0,
              "ep_fw": 0.0,
              "ep_mar": 0.0,
              "ep_ter": 0.0,
              "pocp": 0.0,
              "adpe": 0.0,
              "adpf": 0.0,
              "wdp": 0.0
            }
          },
          "location": "dnk",
          "meta_data": {
            "category": "Transportmidler",
            "created": "2024-06-05",
            "origin": "https://github.com/ocni-dtu/infralca"
          },
          "name": "Lastbil 26 ton diesel",
          "published_date": "2023-09-21",
          "reference_service_life": 0,
          "source": {
            "name": "InfraLCA",
            "url": null
          },
          "standard": "en15804a2",
          "subtype": "generic",
          "valid_until": "2028-09-19",
          "version": "3.1"
        }
      },
      "life_cycle_stages": [
        "a4"
      ],
      "name": "Lastbil 26 ton diesel"
    }
  ],
  "unit": "m"
}