{
  "description": null,
  "id": "7ba0f0c8-1d7c-54b1-8b49-40b258d383ef",
  "impact_data": {
    "epd": {
      "comment": "Gennemsnit af EPD NEPD-3625-2561_GAB-I, NEPD-3626-2560_GAB-II, NEPD-3633-2578_GAB-0, NEPD-3639-2584_GAB-II-40-60, NEPD-3665-2607_GAB-I-40-60-Colas-Danmark-A-S",
      "conversions": null,
      "declared_unit": "tones",
      "format_version": "2.2.1",
      "id": "245d8740-6fcd-54c8-a804-521bea41fce4",
      "impacts": {
        "a1a3": {
          "gwp": 39.7,
          "gwp_fos": 39.626,
          "gwp_bio": 0.06826812,
          "gwp_lul": 0.0084866,
          "odp": 6.6362e-6,
          "ap": 0.27862,
          "ep_fw": 0.00039538,
          "ep_mar": 0.043747999999999995,
          "ep_ter": 0.49378,
          "pocp": 0.15274000000000001,
          "adpe": 0.00024554000000000004,
          "adpf": 1761.72,
          "wdp": 1880.9
        },
        "c1": {
          "gwp": null,
          "gwp_fos": 2.76,
          "gwp_bio": 1.1039999999999999,
          "gwp_lul": 0.000608,
          "odp": 0.000176,
          "ap": 2.464e-7,
          "ep_fw": 0.009,
          "ep_mar": 6.04e-6,
          "ep_ter": 0.003712,
          "pocp": 0.040799999999999996,
          "adpe": 0.011519999999999999,
          "adpf": 7.52e-6,
          "wdp": 16.080000000000002
        },
        "c2": {
          "gwp": 8.559999999999999,
          "gwp_fos": null,
          "gwp_bio": 8.17,
          "gwp_lul": 3.268,
          "odp": 0.001756,
          "ap": 0.0011639999999999999,
          "ep_fw": 7.4e-7,
          "ep_mar": 0.0094,
          "ep_ter": 0.000026,
          "pocp": 0.0018599999999999999,
          "adpe": 0.0208,
          "adpf": 0.00796,
          "wdp": 0.0000904
        },
        "c3": {
          "gwp": 49.2,
          "gwp_fos": 47.6,
          "gwp_bio": null,
          "gwp_lul": 3.48,
          "odp": 1.392,
          "ap": 0.0003874,
          "ep_fw": 0.0001098,
          "ep_mar": 3.008e-7,
          "ep_ter": 0.01456,
          "pocp": 5.06e-6,
          "adpe": 0.00642,
          "adpf": 0.0706,
          "wdp": 0.0194
        },
        "c4": {
          "gwp": 2.1379999999999997e-6,
          "gwp_fos": 19.16,
          "gwp_bio": 4.0600000000000005,
          "gwp_lul": null,
          "odp": 0.0,
          "ap": 0.0,
          "ep_fw": 0.0,
          "ep_mar": 0.0,
          "ep_ter": 0.0,
          "pocp": 0.0,
          "adpe": 0.0,
          "adpf": 0.0,
          "wdp": 0.0
        },
        "d": {
          "gwp": 0.0,
          "gwp_fos": 0.0,
          "gwp_bio": 0.0,
          "gwp_lul": 0.0,
          "odp": null,
          "ap": -36.05,
          "ep_fw": -36.0,
          "ep_mar": -0.00178,
          "ep_ter": -0.028749999999999998,
          "pocp": -0.00005295,
          "adpe": -0.3625,
          "adpf": -0.000753,
          "wdp": -0.0693
        }
      },
      "location": "dnk",
      "meta_data": {
        "category": "ASFALTMATERIALER",
        "created": "2024-06-05",
        "origin": "https://github.com/ocni-dtu/infralca"
      },
      "name": "Grusasfaltbeton (GAB)",
      "published_date": "2023-09-21",
      "reference_service_life": 50,
      "source": {
        "name": "InfraLCA",
        "url": null
      },
      "standard": "en15804a2",
      "subtype": "representative",
      "valid_until": "2028-09-19",
      "version": "3.1"
    }
  },
  "meta_data": {
    "category": "ASFALTMATERIALER",
    "created": "2024-06-05",
    "origin": "https://github.com/ocni-dtu/infralca"
  },
  "name": "Grusasfaltbeton (GAB)",
  "quantity": 1.0,
  "reference_service_life": 50,
  "results": null,
  "transport": [
    {
      "distance": 101.6233624102096,
      "distance_unit": "km",
      "id": "433e2396-732c-41cd-b421-440cabc2ef60",
      "impact_data": {
        "epd": {
          "comment": "2021: 20-26 ton lastbil, der overholder EURONORM 5.  Ökobau database værdier (Process Data set: Truck) nyttegrad korrigeret til 49 % for bulk transport",
          "conversions": null,
          "declared_unit": "tones_km",
          "format_version": "2.2.1",
          "id": "9307ed80-66ed-5f86-94df-4dd694c826ee",
          "impacts": {
            "a1a3": {
              "gwp": 0.16122750000000002,
              "gwp_fos": 0.1601075,
              "gwp_bio": 0.0000872375,
              "gwp_lul": 0.00102795,
              "odp": 5.694500000000001e-17,
              "ap": 0.0005495,
              "ep_fw": 3.32675e-7,
              "ep_mar": 0.00025795,
              "ep_ter": 0.0028770000000000002,
              "pocp": 0.0004987500000000001,
              "adpe": 1.474725e-8,
              "adpf": 2.12625,
              "wdp": 0.00062685
            },
            "c1": {
              "gwp": null,
              "gwp_fos": 0.0,
              "gwp_bio": 0.0,
              "gwp_lul": 0.0,
              "odp": 0.0,
              "ap": 0.0,
              "ep_fw": 0.0,
              "ep_mar": 0.0,
              "ep_ter": 0.0,
              "pocp": 0.0,
              "adpe": 0.0,
              "adpf": 0.0,
              "wdp": 0.0
            },
            "c2": {
              "gwp": 0.0,
              "gwp_fos": null,
              "gwp_bio": 0.0,
              "gwp_lul": 0.0,
              "odp": 0.0,
              "ap": 0.0,
              "ep_fw": 0.0,
              "ep_mar": 0.0,
              "ep_ter": 0.0,
              "pocp": 0.0,
              "adpe": 0.0,
              "adpf": 0.0,
              "wdp": 0.0
            },
            "c3": {
              "gwp": 0.0,
              "gwp_fos": 0.0,
              "gwp_bio": null,
              "gwp_lul": 0.0,
              "odp": 0.0,
              "ap": 0.0,
              "ep_fw": 0.0,
              "ep_mar": 0.0,
              "ep_ter": 0.0,
              "pocp": 0.0,
              "adpe": 0.0,
              "adpf": 0.0,
              "wdp": 0.0
            },
            "c4": {
              "gwp": 0.0,
              "gwp_fos": 0.0,
              "gwp_bio": 0.0,
              "gwp_lul": null,
              "odp": 0.0,
              "ap": 0.0,
              "ep_fw": 0.0,
              "ep_mar": 0.0,
              "ep_ter": 0.0,
              "pocp": 0.0,
              "adpe": 0.0,
              "adpf": 0.0,
              "wdp": 0.0
            },
            "d": {
              "gwp": 0.0,
              "gwp_fos": 0.0,
              "gwp_bio": 0.0,
              "gwp_lul": 0.0,
              "odp": null,
              "ap": 0.0,
              "ep_fw": 0.0,
              "ep_mar": 0.0,
              "ep_ter": 0.0,
              "pocp": 0.0,
              "adpe": 0.0,
              "adpf": 0.0,
              "wdp": 0.0
            }
          },
          "location": "dnk",
          "meta_data": {
            "category": "Transportmidler",
            "created": "2024-06-05",
            "origin": "https://github.com/ocni-dtu/infralca"
          },
          "name": "Lastbil 26 ton diesel",
          "published_date": "2023-09-21",
          "reference_service_life": 0,
          "source": {
            "name": "InfraLCA",
            "url": null
          },
          "standard": "en15804a2",
          "subtype": "generic",
          "valid_until": "2028-09-19",
          "version": "3.1"
        }
      },
      "life_cycle_stages": [
        "a4"
      ],
      "name": "Lastbil 26 ton diesel"
    }
  ],
  "unit": "tones"
}