{
  "description": null,
  "id": "800ef1f0-b474-5194-9516-3d0e04c9ac24",
  "impact_data": {
    "epd": {
      "comment": "Gennemsnit af EPD NEPD-3753-2694-EN, NEPD-2249-1030-EN, NEPD-1742-715-EN, NEPD-2753-1450-EN og NEPD-3286-1932",
      "conversions": null,
      "declared_unit": "tones",
      "format_version": "2.2.1",
      "id": "cc7979ca-2dfd-5f05-b048-46e7c992bc19",
      "impacts": {
        "a1a3": {
          "gwp": 252.24433611893033,
          "gwp_fos": 0.0,
          "gwp_bio": 0.0,
          "gwp_lul": 0.0,
          "odp": 0.0,
          "ap": 0.0,
          "ep_fw": 0.0,
          "ep_mar": 0.0,
          "ep_ter": 0.0,
          "pocp": 0.0,
          "adpe": 0.0,
          "adpf": 0.0,
          "wdp": 0.0
        },
        "c1": {
          "gwp": null,
          "gwp_fos": 3.538775510204082,
          "gwp_bio": 3.538775510204082,
          "gwp_lul": 0.0006571428571428572,
          "odp": 0.00027714285714285715,
          "ap": 7.591836734693878e-7,
          "ep_fw": 0.01289795918367347,
          "ep_mar": 0.000012775510204081634,
          "ep_ter": 0.004285714285714286,
          "pocp": 0.0473469387755102,
          "adpe": 0.014530612244897958,
          "adpf": 5.387755102040817e-6,
          "wdp": 48.163265306122454
        },
        "c2": {
          "gwp": 10.285714285714286,
          "gwp_fos": null,
          "gwp_bio": 8.326530612244898,
          "gwp_lul": 8.326530612244898,
          "odp": 0.0034,
          "ap": 0.0029142857142857143,
          "ep_fw": 1.9020408163265308e-6,
          "ep_mar": 0.034081632653061224,
          "ep_ter": 0.00006530612244897959,
          "pocp": 0.010122448979591837,
          "adpe": 0.11183673469387756,
          "adpf": 0.034204081632653066,
          "wdp": 0.00022571428571428574
        },
        "c3": {
          "gwp": 125.71428571428572,
          "gwp_fos": 120.0,
          "gwp_bio": null,
          "gwp_lul": 0.0,
          "odp": 0.0,
          "ap": 0.0,
          "ep_fw": 0.0,
          "ep_mar": 0.0,
          "ep_ter": 0.0,
          "pocp": 0.0,
          "adpe": 0.0,
          "adpf": 0.0,
          "wdp": 0.0
        },
        "c4": {
          "gwp": 0.0,
          "gwp_fos": 0.0,
          "gwp_bio": 0.0,
          "gwp_lul": null,
          "odp": 2.053061224489796,
          "ap": 2.048979591836735,
          "ep_fw": 0.002395918367346939,
          "ep_mar": 0.0005020408163265306,
          "ep_ter": 7.755102040816327e-7,
          "pocp": 0.018244897959183673,
          "adpe": 0.000023224489795918365,
          "adpf": 0.006775510204081633,
          "wdp": 0.07469387755102042
        },
        "d": {
          "gwp": 0.02142857142857143,
          "gwp_fos": 0.000018489795918367348,
          "gwp_bio": 56.3265306122449,
          "gwp_lul": 348.16326530612247,
          "odp": null,
          "ap": -188.57142857142858,
          "ep_fw": -187.75510204081633,
          "ep_mar": -0.4612244897959184,
          "ep_ter": -0.07346938775510203,
          "pocp": -0.000011061224489795918,
          "adpe": -1.4979591836734694,
          "adpf": -0.009346938775510204,
          "wdp": -0.18734693877551023
        }
      },
      "location": "dnk",
      "meta_data": {
        "category": "JORDTYPER",
        "created": "2024-06-05",
        "origin": "https://github.com/ocni-dtu/infralca"
      },
      "name": "Leca",
      "published_date": "2023-09-21",
      "reference_service_life": 0,
      "source": {
        "name": "InfraLCA",
        "url": null
      },
      "standard": "en15804a1",
      "subtype": "representative",
      "valid_until": "2028-09-19",
      "version": "3.1"
    }
  },
  "meta_data": {
    "category": "JORDTYPER",
    "created": "2024-06-05",
    "origin": "https://github.com/ocni-dtu/infralca"
  },
  "name": "Leca",
  "quantity": 1.0,
  "reference_service_life": 0,
  "results": null,
  "transport": [
    {
      "distance": 132.0,
      "distance_unit": "km",
      "id": "3a554f85-067d-4855-a83b-2f66cb6e99b5",
      "impact_data": {
        "epd": {
          "comment": "2021: 20-26 ton lastbil, der overholder EURONORM 5.  Ökobau database værdier (Process Data set: Truck) nyttegrad korrigeret til 49 % for bulk transport",
          "conversions": null,
          "declared_unit": "tones_km",
          "format_version": "2.2.1",
          "id": "9307ed80-66ed-5f86-94df-4dd694c826ee",
          "impacts": {
            "a1a3": {
              "gwp": 0.16122750000000002,
              "gwp_fos": 0.1601075,
              "gwp_bio": 0.0000872375,
              "gwp_lul": 0.00102795,
              "odp": 5.694500000000001e-17,
              "ap": 0.0005495,
              "ep_fw": 3.32675e-7,
              "ep_mar": 0.00025795,
              "ep_ter": 0.0028770000000000002,
              "pocp": 0.0004987500000000001,
              "adpe": 1.474725e-8,
              "adpf": 2.12625,
              "wdp": 0.00062685
            },
            "c1": {
              "gwp": null,
              "gwp_fos": 0.0,
              "gwp_bio": 0.0,
              "gwp_lul": 0.0,
              "odp": 0.0,
              "ap": 0.0,
              "ep_fw": 0.0,
              "ep_mar": 0.0,
              "ep_ter": 0.0,
              "pocp": 0.0,
              "adpe": 0.0,
              "adpf": 0.0,
              "wdp": 0.0
            },
            "c2": {
              "gwp": 0.0,
              "gwp_fos": null,
              "gwp_bio": 0.0,
              "gwp_lul": 0.0,
              "odp": 0.0,
              "ap": 0.0,
              "ep_fw": 0.0,
              "ep_mar": 0.0,
              "ep_ter": 0.0,
              "pocp": 0.0,
              "adpe": 0.0,
              "adpf": 0.0,
              "wdp": 0.0
            },
            "c3": {
              "gwp": 0.0,
              "gwp_fos": 0.0,
              "gwp_bio": null,
              "gwp_lul": 0.0,
              "odp": 0.0,
              "ap": 0.0,
              "ep_fw": 0.0,
              "ep_mar": 0.0,
              "ep_ter": 0.0,
              "pocp": 0.0,
              "adpe": 0.0,
              "adpf": 0.0,
              "wdp": 0.0
            },
            "c4": {
              "gwp": 0.0,
              "gwp_fos": 0.0,
              "gwp_bio": 0.0,
              "gwp_lul": null,
              "odp": 0.0,
              "ap": 0.0,
              "ep_fw": 0.0,
              "ep_mar": 0.0,
              "ep_ter": 0.0,
              "pocp": 0.0,
              "adpe": 0.0,
              "adpf": 0.0,
              "wdp": 0.0
            },
            "d": {
              "gwp": 0.0,
              "gwp_fos": 0.0,
              "gwp_bio": 0.0,
              "gwp_lul": 0.0,
              "odp": null,
              "ap": 0.0,
              "ep_fw": 0.0,
              "ep_mar": 0.0,
              "ep_ter": 0.0,
              "pocp": 0.0,
              "adpe": 0.0,
              "adpf": 0.0,
              "wdp": 0.0
            }
          },
          "location": "dnk",
          "meta_data": {
            "category": "Transportmidler",
            "created": "2024-06-05",
            "origin": "https://github.com/ocni-dtu/infralca"
          },
          "name": "Lastbil 26 ton diesel",
          "published_date": "2023-09-21",
          "reference_service_life": 0,
          "source": {
            "name": "InfraLCA",
            "url": null
          },
          "standard": "en15804a2",
          "subtype": "generic",
          "valid_until": "2028-09-19",
          "version": "3.1"
        }
      },
      "life_cycle_stages": [
        "a4"
      ],
      "name": "Lastbil 26 ton diesel"
    }
  ],
  "unit": "tones"
}