{
  "description": null,
  "id": "84d85bc1-c4dc-5252-bfdb-e43715f31674",
  "impact_data": {
    "epd": {
      "comment": "Gennemsnit af EPD: MD-22034-DA, MD-22035-DA, og MD-21004-DA",
      "conversions": null,
      "declared_unit": "tones",
      "format_version": "2.2.1",
      "id": "e3d4c3fe-8bb4-5b2a-9ce6-5194e209ced9",
      "impacts": {
        "a1a3": {
          "gwp": 211.4937774225065,
          "gwp_fos": 210.89065463824653,
          "gwp_bio": 0.41993748908518835,
          "gwp_lul": 0.23718818125574354,
          "odp": 5.1839730387708205e-9,
          "ap": 0.5536354240851505,
          "ep_fw": 0.000247112959156654,
          "ep_mar": 0.15481723560866834,
          "ep_ter": 1.674767697706257,
          "pocp": 0.47278328817441234,
          "adpe": 0.000637605039940287,
          "adpf": 2034.0077596442247,
          "wdp": 23.2007703187841
        },
        "c1": {
          "gwp": null,
          "gwp_fos": 1.2508288926198992,
          "gwp_bio": 1.0360036985668053,
          "gwp_lul": -0.044940112416964745,
          "odp": 0.008155970508796262,
          "ap": 1.966157627077402e-16,
          "ep_fw": 0.004999619436941869,
          "ep_mar": 2.958553179064165e-6,
          "ep_ter": 0.002349472710903472,
          "pocp": 0.025903628002043943,
          "adpe": 0.006573502688760735,
          "adpf": 8.849633793220916e-8,
          "wdp": 13.285019344477698
        },
        "c2": {
          "gwp": 0.009262858116164197,
          "gwp_fos": null,
          "gwp_bio": 3.886442441054091,
          "gwp_lul": 3.07539577098085,
          "odp": -0.0036718208141713502,
          "ap": 0.025109745236878606,
          "ep_fw": 6.082831836873738e-16,
          "ep_mar": 0.0032706557656276614,
          "ep_ter": 9.139781492566366e-6,
          "pocp": 0.0010442712606759615,
          "adpe": 0.012406741124656302,
          "adpf": 0.0028399562011825683,
          "wdp": 2.725838869017203e-7
        },
        "c3": {
          "gwp": 41.02520378616445,
          "gwp_fos": 0.028578061659001876,
          "gwp_bio": null,
          "gwp_lul": 0.8789423802224007,
          "odp": 0.7300549431832006,
          "ap": -0.031689378786772755,
          "ep_fw": 0.005738725454412731,
          "ep_mar": 1.3873149864953646e-16,
          "ep_ter": 0.0035212200403922428,
          "pocp": 2.0830002189940867e-6,
          "adpe": 0.0016501869236197285,
          "adpf": 0.018258425675840084,
          "wdp": 0.0046267620507579625
        },
        "c4": {
          "gwp": 6.224729298975595e-8,
          "gwp_fos": 9.347253570820254,
          "gwp_bio": 0.00651722753485656,
          "gwp_lul": null,
          "odp": 0.0,
          "ap": 0.0,
          "ep_fw": 0.0,
          "ep_mar": 0.0,
          "ep_ter": 0.0,
          "pocp": 0.0,
          "adpe": 0.0,
          "adpf": 0.0,
          "wdp": 0.0
        },
        "d": {
          "gwp": 0.0,
          "gwp_fos": 0.0,
          "gwp_bio": 0.0,
          "gwp_lul": 0.0,
          "odp": null,
          "ap": -9.976916806579556,
          "ep_fw": -8.008786042776844,
          "ep_mar": 0.042950049881986516,
          "ep_ter": -0.02194279095797747,
          "pocp": -9.002706766917292e-15,
          "adpe": -0.049207426332822345,
          "adpf": -0.000012714082293111418,
          "wdp": -0.007846639900722681
        }
      },
      "location": "dnk",
      "meta_data": {
        "category": "BETONELEMENTER",
        "created": "2024-06-05",
        "origin": "https://github.com/ocni-dtu/infralca"
      },
      "name": "Stampet pæl",
      "published_date": "2023-09-21",
      "reference_service_life": 100,
      "source": {
        "name": "InfraLCA",
        "url": null
      },
      "standard": "en15804a2",
      "subtype": "representative",
      "valid_until": "2028-09-19",
      "version": "3.1"
    }
  },
  "meta_data": {
    "category": "BETONELEMENTER",
    "created": "2024-06-05",
    "origin": "https://github.com/ocni-dtu/infralca"
  },
  "name": "Stampet pæl",
  "quantity": 1.0,
  "reference_service_life": 100,
  "results": null,
  "transport": [
    {
      "distance": 107.0,
      "distance_unit": "km",
      "id": "5e56f1f8-b2e6-4868-a782-f5de3c89a927",
      "impact_data": {
        "epd": {
          "comment": "2021: 20-26 ton lastbil, der overholder EURONORM 5.  Ökobau database værdier (Process Data set: Truck) nyttegrad korrigeret til 49 % for bulk transport",
          "conversions": null,
          "declared_unit": "tones_km",
          "format_version": "2.2.1",
          "id": "9307ed80-66ed-5f86-94df-4dd694c826ee",
          "impacts": {
            "a1a3": {
              "gwp": 0.16122750000000002,
              "gwp_fos": 0.1601075,
              "gwp_bio": 0.0000872375,
              "gwp_lul": 0.00102795,
              "odp": 5.694500000000001e-17,
              "ap": 0.0005495,
              "ep_fw": 3.32675e-7,
              "ep_mar": 0.00025795,
              "ep_ter": 0.0028770000000000002,
              "pocp": 0.0004987500000000001,
              "adpe": 1.474725e-8,
              "adpf": 2.12625,
              "wdp": 0.00062685
            },
            "c1": {
              "gwp": null,
              "gwp_fos": 0.0,
              "gwp_bio": 0.0,
              "gwp_lul": 0.0,
              "odp": 0.0,
              "ap": 0.0,
              "ep_fw": 0.0,
              "ep_mar": 0.0,
              "ep_ter": 0.0,
              "pocp": 0.0,
              "adpe": 0.0,
              "adpf": 0.0,
              "wdp": 0.0
            },
            "c2": {
              "gwp": 0.0,
              "gwp_fos": null,
              "gwp_bio": 0.0,
              "gwp_lul": 0.0,
              "odp": 0.0,
              "ap": 0.0,
              "ep_fw": 0.0,
              "ep_mar": 0.0,
              "ep_ter": 0.0,
              "pocp": 0.0,
              "adpe": 0.0,
              "adpf": 0.0,
              "wdp": 0.0
            },
            "c3": {
              "gwp": 0.0,
              "gwp_fos": 0.0,
              "gwp_bio": null,
              "gwp_lul": 0.0,
              "odp": 0.0,
              "ap": 0.0,
              "ep_fw": 0.0,
              "ep_mar": 0.0,
              "ep_ter": 0.0,
              "pocp": 0.0,
              "adpe": 0.0,
              "adpf": 0.0,
              "wdp": 0.0
            },
            "c4": {
              "gwp": 0.0,
              "gwp_fos": 0.0,
              "gwp_bio": 0.0,
              "gwp_lul": null,
              "odp": 0.0,
              "ap": 0.0,
              "ep_fw": 0.0,
              "ep_mar": 0.0,
              "ep_ter": 0.0,
              "pocp": 0.0,
              "adpe": 0.0,
              "adpf": 0.0,
              "wdp": 0.0
            },
            "d": {
              "gwp": 0.0,
              "gwp_fos": 0.0,
              "gwp_bio": 0.0,
              "gwp_lul": 0.0,
              "odp": null,
              "ap": 0.0,
              "ep_fw": 0.0,
              "ep_mar": 0.0,
              "ep_ter": 0.0,
              "pocp": 0.0,
              "adpe": 0.0,
              "adpf": 0.0,
              "wdp": 0.0
            }
          },
          "location": "dnk",
          "meta_data": {
            "category": "Transportmidler",
            "created": "2024-06-05",
            "origin": "https://github.com/ocni-dtu/infralca"
          },
          "name": "Lastbil 26 ton diesel",
          "published_date": "2023-09-21",
          "reference_service_life": 0,
          "source": {
            "name": "InfraLCA",
            "url": null
          },
          "standard": "en15804a2",
          "subtype": "generic",
          "valid_until": "2028-09-19",
          "version": "3.1"
        }
      },
      "life_cycle_stages": [
        "a4"
      ],
      "name": "Lastbil 26 ton diesel"
    }
  ],
  "unit": "tones"
}