{
  "description": null,
  "id": "a70fbd75-5c87-5483-beea-975bfb1162a8",
  "impact_data": {
    "epd": {
      "comment": "Gennemsnit af EPD: RTS_100_21, NEPD-3588-2251-EN, NEPD-3587-2251-EN, NEPD-1508-513 og NEDP-3474-2069-EN",
      "conversions": null,
      "declared_unit": "tones",
      "format_version": "2.2.1",
      "id": "9403160b-79de-5a94-a589-2b5f1c39210c",
      "impacts": {
        "a1a3": {
          "gwp": 2038.0499505870093,
          "gwp_fos": 1785.908862597592,
          "gwp_bio": -67.7332510015524,
          "gwp_lul": 2.396500220637522,
          "odp": 0.00007040619961205839,
          "ap": 6.510113106584591,
          "ep_fw": 0.1522929943482742,
          "ep_mar": 1.2432030857498972,
          "ep_ter": 13.05439278716831,
          "pocp": 5.518000896770467,
          "adpe": 0.03532778500363669,
          "adpf": 56957.31900244186,
          "wdp": 30467.756913987592
        },
        "c1": {
          "gwp": null,
          "gwp_fos": 0.0,
          "gwp_bio": 0.0,
          "gwp_lul": 0.0,
          "odp": 0.0,
          "ap": 0.0,
          "ep_fw": 0.0,
          "ep_mar": 0.0,
          "ep_ter": 0.0,
          "pocp": 0.0,
          "adpe": 0.0,
          "adpf": 0.0,
          "wdp": 0.0
        },
        "c2": {
          "gwp": 0.0,
          "gwp_fos": null,
          "gwp_bio": 6.7016247793078225,
          "gwp_lul": 6.7016247793078225,
          "odp": 0.003952517705137116,
          "ap": 0.002373235032233467,
          "ep_fw": 1.5446978335093138e-6,
          "ep_mar": 0.03760505865248571,
          "ep_ter": 0.00006555010074351133,
          "pocp": 0.013399907842718873,
          "adpe": 0.14777759719445666,
          "adpf": 0.04227425547855991,
          "wdp": 0.0001732787366630006
        },
        "c3": {
          "gwp": 102.78150138143434,
          "gwp_fos": 2.4623054978076038,
          "gwp_bio": null,
          "gwp_lul": 194.86952354743215,
          "odp": 194.4640959158532,
          "ap": 0.28482342458095944,
          "ep_fw": 0.046607934688700704,
          "ep_mar": 9.222552843655892e-6,
          "ep_ter": 0.26240512688662154,
          "pocp": 0.0020545244538997124,
          "adpe": 0.07809926149602363,
          "adpf": 0.7928358693224643,
          "wdp": 0.25010817558271864
        },
        "c4": {
          "gwp": 0.0009453890934034362,
          "gwp_fos": 811.5786529103285,
          "gwp_bio": 23.32808263119332,
          "gwp_lul": null,
          "odp": 4.806379912230675,
          "ap": 4.787367400718722,
          "ep_fw": 0.016457917618354675,
          "ep_mar": 0.0015989064069741547,
          "ep_ter": 8.357064637675863e-7,
          "pocp": 0.016552714953832787,
          "adpe": 0.0006439224608968286,
          "adpf": 0.00529678257785687,
          "wdp": 0.052835085194476245
        },
        "d": {
          "gwp": 0.017041870266344843,
          "gwp_fos": 0.00004978466311373349,
          "gwp_bio": 62.49090624638477,
          "gwp_lul": 27.59508083706843,
          "odp": null,
          "ap": -352.90244610889283,
          "ep_fw": -351.87348017503,
          "ep_mar": -1.1902017229017423,
          "ep_ter": -0.07191742246346768,
          "pocp": -0.000013126413637722696,
          "adpe": -1.0399891010467721,
          "adpf": -0.009781958601331122,
          "wdp": -0.1811291799658356
        }
      },
      "location": "dnk",
      "meta_data": {
        "category": "PLASTMATERIALER",
        "created": "2024-06-05",
        "origin": "https://github.com/ocni-dtu/infralca"
      },
      "name": "PP",
      "published_date": "2023-09-21",
      "reference_service_life": 100,
      "source": {
        "name": "InfraLCA",
        "url": null
      },
      "standard": "en15804a2",
      "subtype": "generic",
      "valid_until": "2028-09-19",
      "version": "3.1"
    }
  },
  "meta_data": {
    "category": "PLASTMATERIALER",
    "created": "2024-06-05",
    "origin": "https://github.com/ocni-dtu/infralca"
  },
  "name": "PP",
  "quantity": 1.0,
  "reference_service_life": 100,
  "results": null,
  "transport": [
    {
      "distance": 1500.0,
      "distance_unit": "km",
      "id": "e336429c-98c7-4d9e-a409-5a68d45b4e53",
      "impact_data": {
        "epd": {
          "comment": "2021: 20-26 ton lastbil, der overholder EURONORM 5.  Ökobau database værdier (Process Data set: Truck) nyttegrad korrigeret til 49 % for bulk transport",
          "conversions": null,
          "declared_unit": "tones_km",
          "format_version": "2.2.1",
          "id": "9307ed80-66ed-5f86-94df-4dd694c826ee",
          "impacts": {
            "a1a3": {
              "gwp": 0.16122750000000002,
              "gwp_fos": 0.1601075,
              "gwp_bio": 0.0000872375,
              "gwp_lul": 0.00102795,
              "odp": 5.694500000000001e-17,
              "ap": 0.0005495,
              "ep_fw": 3.32675e-7,
              "ep_mar": 0.00025795,
              "ep_ter": 0.0028770000000000002,
              "pocp": 0.0004987500000000001,
              "adpe": 1.474725e-8,
              "adpf": 2.12625,
              "wdp": 0.00062685
            },
            "c1": {
              "gwp": null,
              "gwp_fos": 0.0,
              "gwp_bio": 0.0,
              "gwp_lul": 0.0,
              "odp": 0.0,
              "ap": 0.0,
              "ep_fw": 0.0,
              "ep_mar": 0.0,
              "ep_ter": 0.0,
              "pocp": 0.0,
              "adpe": 0.0,
              "adpf": 0.0,
              "wdp": 0.0
            },
            "c2": {
              "gwp": 0.0,
              "gwp_fos": null,
              "gwp_bio": 0.0,
              "gwp_lul": 0.0,
              "odp": 0.0,
              "ap": 0.0,
              "ep_fw": 0.0,
              "ep_mar": 0.0,
              "ep_ter": 0.0,
              "pocp": 0.0,
              "adpe": 0.0,
              "adpf": 0.0,
              "wdp": 0.0
            },
            "c3": {
              "gwp": 0.0,
              "gwp_fos": 0.0,
              "gwp_bio": null,
              "gwp_lul": 0.0,
              "odp": 0.0,
              "ap": 0.0,
              "ep_fw": 0.0,
              "ep_mar": 0.0,
              "ep_ter": 0.0,
              "pocp": 0.0,
              "adpe": 0.0,
              "adpf": 0.0,
              "wdp": 0.0
            },
            "c4": {
              "gwp": 0.0,
              "gwp_fos": 0.0,
              "gwp_bio": 0.0,
              "gwp_lul": null,
              "odp": 0.0,
              "ap": 0.0,
              "ep_fw": 0.0,
              "ep_mar": 0.0,
              "ep_ter": 0.0,
              "pocp": 0.0,
              "adpe": 0.0,
              "adpf": 0.0,
              "wdp": 0.0
            },
            "d": {
              "gwp": 0.0,
              "gwp_fos": 0.0,
              "gwp_bio": 0.0,
              "gwp_lul": 0.0,
              "odp": null,
              "ap": 0.0,
              "ep_fw": 0.0,
              "ep_mar": 0.0,
              "ep_ter": 0.0,
              "pocp": 0.0,
              "adpe": 0.0,
              "adpf": 0.0,
              "wdp": 0.0
            }
          },
          "location": "dnk",
          "meta_data": {
            "category": "Transportmidler",
            "created": "2024-06-05",
            "origin": "https://github.com/ocni-dtu/infralca"
          },
          "name": "Lastbil 26 ton diesel",
          "published_date": "2023-09-21",
          "reference_service_life": 0,
          "source": {
            "name": "InfraLCA",
            "url": null
          },
          "standard": "en15804a2",
          "subtype": "generic",
          "valid_until": "2028-09-19",
          "version": "3.1"
        }
      },
      "life_cycle_stages": [
        "a4"
      ],
      "name": "Lastbil 26 ton diesel"
    }
  ],
  "unit": "tones"
}