{
  "description": null,
  "id": "ae30f269-b921-551b-976b-51bf685189dc",
  "impact_data": {
    "epd": {
      "comment": "Gennemsnit af EPD: NEPD-3474-2069-EN og NEPD-3587-2251-EN",
      "conversions": null,
      "declared_unit": "m",
      "format_version": "2.2.1",
      "id": "9c78529a-e01a-5bd5-a8e9-a6bee9c00067",
      "impacts": {
        "a1a3": {
          "gwp": 10.6555,
          "gwp_fos": 10.5528,
          "gwp_bio": 0.07467615000000001,
          "gwp_lul": 0.031494900000000006,
          "odp": 6.115975e-7,
          "ap": 0.0431619,
          "ep_fw": 0.000205192,
          "ep_mar": 0.008446200000000001,
          "ep_ter": 0.0952375,
          "pocp": 0.03571835,
          "adpe": 0.00048063299999999995,
          "adpf": 284.83400000000006,
          "wdp": 10.82035
        },
        "c1": {
          "gwp": null,
          "gwp_fos": 0.0,
          "gwp_bio": 0.0,
          "gwp_lul": 0.0,
          "odp": 0.0,
          "ap": 0.0,
          "ep_fw": 0.0,
          "ep_mar": 0.0,
          "ep_ter": 0.0,
          "pocp": 0.0,
          "adpe": 0.0,
          "adpf": 0.0,
          "wdp": 0.0
        },
        "c2": {
          "gwp": 0.0,
          "gwp_fos": null,
          "gwp_bio": 0.159296,
          "gwp_lul": 0.159296,
          "odp": 0.00009667200000000001,
          "ap": 0.0000564224,
          "ep_fw": 3.67232e-8,
          "ep_mar": 0.00090592,
          "ep_ter": 1.31328e-6,
          "pocp": 0.00032467199999999997,
          "adpe": 0.00358112,
          "adpf": 0.00102144,
          "wdp": 4.12224e-6
        },
        "c3": {
          "gwp": 2.44416,
          "gwp_fos": 0.00751825,
          "gwp_bio": null,
          "gwp_lul": 4.321925,
          "odp": 4.3120650000000005,
          "ap": 0.006925899999999999,
          "ep_fw": 0.001120905,
          "ep_mar": 2.1973799999999998e-7,
          "ep_ter": 0.0061077300000000005,
          "pocp": 0.000047457600000000005,
          "adpe": 0.001635815,
          "adpf": 0.018056449999999998,
          "wdp": 0.0056364299999999996
        },
        "c4": {
          "gwp": 0.000022543349999999998,
          "gwp_fos": 19.409299999999998,
          "gwp_bio": 0.41937599999999997,
          "gwp_lul": null,
          "odp": 0.045106,
          "ap": 0.045106,
          "ep_fw": 0.00005924815,
          "ep_mar": 1.201085e-6,
          "ep_ter": 1.82901e-9,
          "pocp": 0.00004305825,
          "adpe": 5.47248e-8,
          "adpf": 0.000025937249999999996,
          "wdp": 0.00017522700000000002
        },
        "d": {
          "gwp": 0.00005957835,
          "gwp_fos": 4.3242699999999996e-8,
          "gwp_bio": 0.132626,
          "gwp_lul": 0.00065516,
          "odp": null,
          "ap": -7.22405,
          "ep_fw": -7.203100000000001,
          "ep_mar": -0.0259459,
          "ep_ter": -0.00142937,
          "pocp": -2.9039700000000003e-7,
          "adpe": -0.02082185,
          "adpf": -0.0000820345,
          "wdp": -0.0036337249999999995
        }
      },
      "location": "dnk",
      "meta_data": {
        "category": "PLASTMATERIALER",
        "created": "2024-06-05",
        "origin": "https://github.com/ocni-dtu/infralca"
      },
      "name": "Rør PP Glat Dræn, Kloak Ø200",
      "published_date": "2023-09-21",
      "reference_service_life": 100,
      "source": {
        "name": "InfraLCA",
        "url": null
      },
      "standard": "en15804a2",
      "subtype": "representative",
      "valid_until": "2028-09-19",
      "version": "3.1"
    }
  },
  "meta_data": {
    "category": "PLASTMATERIALER",
    "created": "2024-06-05",
    "origin": "https://github.com/ocni-dtu/infralca"
  },
  "name": "Rør PP Glat Dræn, Kloak Ø200",
  "quantity": 1.0,
  "reference_service_life": 100,
  "results": null,
  "transport": [
    {
      "distance": 1500.0,
      "distance_unit": "km",
      "id": "2c85aaad-e72a-475b-88bc-95fae11d4bf2",
      "impact_data": {
        "epd": {
          "comment": "2021: 20-26 ton lastbil, der overholder EURONORM 5.  Ökobau database værdier (Process Data set: Truck) nyttegrad korrigeret til 49 % for bulk transport",
          "conversions": null,
          "declared_unit": "tones_km",
          "format_version": "2.2.1",
          "id": "9307ed80-66ed-5f86-94df-4dd694c826ee",
          "impacts": {
            "a1a3": {
              "gwp": 0.16122750000000002,
              "gwp_fos": 0.1601075,
              "gwp_bio": 0.0000872375,
              "gwp_lul": 0.00102795,
              "odp": 5.694500000000001e-17,
              "ap": 0.0005495,
              "ep_fw": 3.32675e-7,
              "ep_mar": 0.00025795,
              "ep_ter": 0.0028770000000000002,
              "pocp": 0.0004987500000000001,
              "adpe": 1.474725e-8,
              "adpf": 2.12625,
              "wdp": 0.00062685
            },
            "c1": {
              "gwp": null,
              "gwp_fos": 0.0,
              "gwp_bio": 0.0,
              "gwp_lul": 0.0,
              "odp": 0.0,
              "ap": 0.0,
              "ep_fw": 0.0,
              "ep_mar": 0.0,
              "ep_ter": 0.0,
              "pocp": 0.0,
              "adpe": 0.0,
              "adpf": 0.0,
              "wdp": 0.0
            },
            "c2": {
              "gwp": 0.0,
              "gwp_fos": null,
              "gwp_bio": 0.0,
              "gwp_lul": 0.0,
              "odp": 0.0,
              "ap": 0.0,
              "ep_fw": 0.0,
              "ep_mar": 0.0,
              "ep_ter": 0.0,
              "pocp": 0.0,
              "adpe": 0.0,
              "adpf": 0.0,
              "wdp": 0.0
            },
            "c3": {
              "gwp": 0.0,
              "gwp_fos": 0.0,
              "gwp_bio": null,
              "gwp_lul": 0.0,
              "odp": 0.0,
              "ap": 0.0,
              "ep_fw": 0.0,
              "ep_mar": 0.0,
              "ep_ter": 0.0,
              "pocp": 0.0,
              "adpe": 0.0,
              "adpf": 0.0,
              "wdp": 0.0
            },
            "c4": {
              "gwp": 0.0,
              "gwp_fos": 0.0,
              "gwp_bio": 0.0,
              "gwp_lul": null,
              "odp": 0.0,
              "ap": 0.0,
              "ep_fw": 0.0,
              "ep_mar": 0.0,
              "ep_ter": 0.0,
              "pocp": 0.0,
              "adpe": 0.0,
              "adpf": 0.0,
              "wdp": 0.0
            },
            "d": {
              "gwp": 0.0,
              "gwp_fos": 0.0,
              "gwp_bio": 0.0,
              "gwp_lul": 0.0,
              "odp": null,
              "ap": 0.0,
              "ep_fw": 0.0,
              "ep_mar": 0.0,
              "ep_ter": 0.0,
              "pocp": 0.0,
              "adpe": 0.0,
              "adpf": 0.0,
              "wdp": 0.0
            }
          },
          "location": "dnk",
          "meta_data": {
            "category": "Transportmidler",
            "created": "2024-06-05",
            "origin": "https://github.com/ocni-dtu/infralca"
          },
          "name": "Lastbil 26 ton diesel",
          "published_date": "2023-09-21",
          "reference_service_life": 0,
          "source": {
            "name": "InfraLCA",
            "url": null
          },
          "standard": "en15804a2",
          "subtype": "generic",
          "valid_until": "2028-09-19",
          "version": "3.1"
        }
      },
      "life_cycle_stages": [
        "a4"
      ],
      "name": "Lastbil 26 ton diesel"
    }
  ],
  "unit": "m"
}