{
  "description": null,
  "id": "c88fd87f-a1d1-5ae6-8dbc-eb536dc373a2",
  "impact_data": {
    "epd": {
      "comment": "Udarbejdet som kombination af 1579 kg galvaniseret stål og 1 stk belysningsarmatur (gennemsnit NEPD-4447-3710, S-P-03810, S-P-09191) ",
      "conversions": null,
      "declared_unit": "pcs",
      "format_version": "2.2.1",
      "id": "8160f9c0-9bc6-53de-84c8-2511e15295d1",
      "impacts": {
        "a1a3": {
          "gwp": 3082.576664019729,
          "gwp_fos": 3064.2802031082742,
          "gwp_bio": 4.940414061859296,
          "gwp_lul": 3.8986242969420575,
          "odp": 0.000015858098998031513,
          "ap": 10.311397588465693,
          "ep_fw": 1.232265225678524,
          "ep_mar": -0.0772042951527345,
          "ep_ter": 22.306391688089292,
          "pocp": 7.386730828282877,
          "adpe": 0.030657690170493794,
          "adpf": 32993.33842067297,
          "wdp": 2470.2380852223355
        },
        "c1": {
          "gwp": null,
          "gwp_fos": 1.8634861084366263,
          "gwp_bio": 1.9035984365334824,
          "gwp_lul": -0.007851909263683817,
          "odp": 0.008780493866870883,
          "ap": 2.233024881063576e-7,
          "ep_fw": 0.015081603674211677,
          "ep_mar": 0.00003580104243920196,
          "ep_ter": 0.006702233088309357,
          "pocp": 0.07384458511059037,
          "adpe": 0.019847706280365692,
          "adpf": 6.236045716097076e-7,
          "wdp": 28.67873536373655
        },
        "c2": {
          "gwp": 0.03291105974560957,
          "gwp_fos": null,
          "gwp_bio": 19.298121677178628,
          "gwp_lul": 19.10545616427247,
          "odp": 0.12283123805369248,
          "ap": 0.0889474845476771,
          "ep_fw": 2.142051623285233e-6,
          "ep_mar": 0.06555398554778226,
          "ep_ter": 0.000572246044851608,
          "pocp": 0.023493784100301583,
          "adpe": 0.2607712943561289,
          "adpf": 0.06023971036684718,
          "wdp": 0.00003106562219976848
        },
        "c3": {
          "gwp": 281.14692992487085,
          "gwp_fos": 6.1044783683047354,
          "gwp_bio": null,
          "gwp_lul": 50.623490752165594,
          "odp": 52.31222332966476,
          "ap": 0.09111791964752838,
          "ep_fw": 0.037844503854295046,
          "ep_mar": 8.240054366808668e-6,
          "ep_ter": 0.5592107619122386,
          "pocp": 0.02695682884551861,
          "adpe": 0.16597449599617245,
          "adpf": 1.8458818805991375,
          "wdp": 0.5051070943810139
        },
        "c4": {
          "gwp": 0.0017426264125219963,
          "gwp_fos": 708.4345799684197,
          "gwp_bio": 30.87530024577695,
          "gwp_lul": null,
          "odp": 1.4061420158338567,
          "ap": 1.3648786354213573,
          "ep_fw": 0.03970310560306264,
          "ep_mar": 0.0011120856137091472,
          "ep_ter": 2.5123136278945855e-7,
          "pocp": 0.011347629633823086,
          "adpe": 0.00004635030473909575,
          "adpf": 0.005011762450985329,
          "wdp": 0.0521909876159451
        },
        "d": {
          "gwp": 0.014643668346262208,
          "gwp_fos": 1.5061586786421055e-6,
          "gwp_bio": 17.939202401148563,
          "gwp_lul": 15.724727231224003,
          "odp": null,
          "ap": -716.8086647109186,
          "ep_fw": -715.9785590149816,
          "ep_mar": -0.36939957603828444,
          "ep_ter": -0.14529635349016595,
          "pocp": -0.013503010004976961,
          "adpe": -1.5866798642668392,
          "adpf": -0.00677949437181064,
          "wdp": -0.24593993959064087
        }
      },
      "location": "dnk",
      "meta_data": {
        "category": "TEKNIK",
        "created": "2024-06-05",
        "origin": "https://github.com/ocni-dtu/infralca"
      },
      "name": "10 m. rørmast inkl. armatur og 5 m. funderingspæl",
      "published_date": "2023-09-21",
      "reference_service_life": 20,
      "source": {
        "name": "InfraLCA",
        "url": null
      },
      "standard": "en15804a2",
      "subtype": "generic",
      "valid_until": "2028-09-19",
      "version": "3.1"
    }
  },
  "meta_data": {
    "category": "TEKNIK",
    "created": "2024-06-05",
    "origin": "https://github.com/ocni-dtu/infralca"
  },
  "name": "10 m. rørmast inkl. armatur og 5 m. funderingspæl",
  "quantity": 1.0,
  "reference_service_life": 20,
  "results": null,
  "transport": [
    {
      "distance": 138.0,
      "distance_unit": "km",
      "id": "ed9d5e6a-77b6-40b8-98ac-12b1ebc966d9",
      "impact_data": {
        "epd": {
          "comment": "2021: 20-26 ton lastbil, der overholder EURONORM 5.  Ökobau database værdier (Process Data set: Truck) nyttegrad korrigeret til 49 % for bulk transport",
          "conversions": null,
          "declared_unit": "tones_km",
          "format_version": "2.2.1",
          "id": "9307ed80-66ed-5f86-94df-4dd694c826ee",
          "impacts": {
            "a1a3": {
              "gwp": 0.16122750000000002,
              "gwp_fos": 0.1601075,
              "gwp_bio": 0.0000872375,
              "gwp_lul": 0.00102795,
              "odp": 5.694500000000001e-17,
              "ap": 0.0005495,
              "ep_fw": 3.32675e-7,
              "ep_mar": 0.00025795,
              "ep_ter": 0.0028770000000000002,
              "pocp": 0.0004987500000000001,
              "adpe": 1.474725e-8,
              "adpf": 2.12625,
              "wdp": 0.00062685
            },
            "c1": {
              "gwp": null,
              "gwp_fos": 0.0,
              "gwp_bio": 0.0,
              "gwp_lul": 0.0,
              "odp": 0.0,
              "ap": 0.0,
              "ep_fw": 0.0,
              "ep_mar": 0.0,
              "ep_ter": 0.0,
              "pocp": 0.0,
              "adpe": 0.0,
              "adpf": 0.0,
              "wdp": 0.0
            },
            "c2": {
              "gwp": 0.0,
              "gwp_fos": null,
              "gwp_bio": 0.0,
              "gwp_lul": 0.0,
              "odp": 0.0,
              "ap": 0.0,
              "ep_fw": 0.0,
              "ep_mar": 0.0,
              "ep_ter": 0.0,
              "pocp": 0.0,
              "adpe": 0.0,
              "adpf": 0.0,
              "wdp": 0.0
            },
            "c3": {
              "gwp": 0.0,
              "gwp_fos": 0.0,
              "gwp_bio": null,
              "gwp_lul": 0.0,
              "odp": 0.0,
              "ap": 0.0,
              "ep_fw": 0.0,
              "ep_mar": 0.0,
              "ep_ter": 0.0,
              "pocp": 0.0,
              "adpe": 0.0,
              "adpf": 0.0,
              "wdp": 0.0
            },
            "c4": {
              "gwp": 0.0,
              "gwp_fos": 0.0,
              "gwp_bio": 0.0,
              "gwp_lul": null,
              "odp": 0.0,
              "ap": 0.0,
              "ep_fw": 0.0,
              "ep_mar": 0.0,
              "ep_ter": 0.0,
              "pocp": 0.0,
              "adpe": 0.0,
              "adpf": 0.0,
              "wdp": 0.0
            },
            "d": {
              "gwp": 0.0,
              "gwp_fos": 0.0,
              "gwp_bio": 0.0,
              "gwp_lul": 0.0,
              "odp": null,
              "ap": 0.0,
              "ep_fw": 0.0,
              "ep_mar": 0.0,
              "ep_ter": 0.0,
              "pocp": 0.0,
              "adpe": 0.0,
              "adpf": 0.0,
              "wdp": 0.0
            }
          },
          "location": "dnk",
          "meta_data": {
            "category": "Transportmidler",
            "created": "2024-06-05",
            "origin": "https://github.com/ocni-dtu/infralca"
          },
          "name": "Lastbil 26 ton diesel",
          "published_date": "2023-09-21",
          "reference_service_life": 0,
          "source": {
            "name": "InfraLCA",
            "url": null
          },
          "standard": "en15804a2",
          "subtype": "generic",
          "valid_until": "2028-09-19",