{
  "description": null,
  "id": "ccd97dc6-3932-53c8-aeaa-354929ccaa13",
  "impact_data": {
    "epd": {
      "comment": "Gennemsnit af EPD: S-P-05225 S-P-04034 og S-P-05226",
      "conversions": null,
      "declared_unit": "tones",
      "format_version": "2.2.1",
      "id": "c53044ea-6713-57a1-b7be-cb617ec520ac",
      "impacts": {
        "a1a3": {
          "gwp": 4.633333333333333,
          "gwp_fos": 4.633333333333333,
          "gwp_bio": 0.0,
          "gwp_lul": 0.00038666666666666667,
          "odp": 1.0733333333333333e-14,
          "ap": 0.04566666666666667,
          "ep_fw": 1.15e-6,
          "ep_mar": 0.022000000000000002,
          "ep_ter": 0.24666666666666667,
          "pocp": 0.061,
          "adpe": 4.266666666666667e-7,
          "adpf": 63.333333333333336,
          "wdp": 0.012499999999999999
        },
        "c1": {
          "gwp": null,
          "gwp_fos": 0.0,
          "gwp_bio": 0.0,
          "gwp_lul": 0.0,
          "odp": 0.0,
          "ap": 0.0,
          "ep_fw": 0.0,
          "ep_mar": 0.0,
          "ep_ter": 0.0,
          "pocp": 0.0,
          "adpe": 0.0,
          "adpf": 0.0,
          "wdp": 0.0
        },
        "c2": {
          "gwp": 0.0,
          "gwp_fos": null,
          "gwp_bio": 0.0,
          "gwp_lul": 0.0,
          "odp": 0.0,
          "ap": 0.0,
          "ep_fw": 0.0,
          "ep_mar": 0.0,
          "ep_ter": 0.0,
          "pocp": 0.0,
          "adpe": 0.0,
          "adpf": 0.0,
          "wdp": 0.0
        },
        "c3": {
          "gwp": 0.0,
          "gwp_fos": 0.0,
          "gwp_bio": null,
          "gwp_lul": 0.0,
          "odp": 0.0,
          "ap": 0.0,
          "ep_fw": 0.0,
          "ep_mar": 0.0,
          "ep_ter": 0.0,
          "pocp": 0.0,
          "adpe": 0.0,
          "adpf": 0.0,
          "wdp": 0.0
        },
        "c4": {
          "gwp": 0.0,
          "gwp_fos": 0.0,
          "gwp_bio": 0.0,
          "gwp_lul": null,
          "odp": 0.0,
          "ap": 0.0,
          "ep_fw": 0.0,
          "ep_mar": 0.0,
          "ep_ter": 0.0,
          "pocp": 0.0,
          "adpe": 0.0,
          "adpf": 0.0,
          "wdp": 0.0
        },
        "d": {
          "gwp": 0.0,
          "gwp_fos": 0.0,
          "gwp_bio": 0.0,
          "gwp_lul": 0.0,
          "odp": null,
          "ap": 0.0,
          "ep_fw": 0.0,
          "ep_mar": 0.0,
          "ep_ter": 0.0,
          "pocp": 0.0,
          "adpe": 0.0,
          "adpf": 0.0,
          "wdp": 0.0
        }
      },
      "location": "dnk",
      "meta_data": {
        "category": "UBUNDNE MATERIALER",
        "created": "2024-06-05",
        "origin": "https://github.com/ocni-dtu/infralca"
      },
      "name": "Stenmel",
      "published_date": "2023-09-21",
      "reference_service_life": 0,
      "source": {
        "name": "InfraLCA",
        "url": null
      },
      "standard": "en15804a2",
      "subtype": "representative",
      "valid_until": "2028-09-19",
      "version": "3.1"
    }
  },
  "meta_data": {
    "category": "UBUNDNE MATERIALER",
    "created": "2024-06-05",
    "origin": "https://github.com/ocni-dtu/infralca"
  },
  "name": "Stenmel",
  "quantity": 1.0,
  "reference_service_life": 0,
  "results": null,
  "transport": [
    {
      "distance": 132.0,
      "distance_unit": "km",
      "id": "a7a1b11a-d43d-43af-9a48-2d1e09e287ac",
      "impact_data": {
        "epd": {
          "comment": "2021: 20-26 ton lastbil, der overholder EURONORM 5.  Ökobau database værdier (Process Data set: Truck) nyttegrad korrigeret til 49 % for bulk transport",
          "conversions": null,
          "declared_unit": "tones_km",
          "format_version": "2.2.1",
          "id": "9307ed80-66ed-5f86-94df-4dd694c826ee",
          "impacts": {
            "a1a3": {
              "gwp": 0.16122750000000002,
              "gwp_fos": 0.1601075,
              "gwp_bio": 0.0000872375,
              "gwp_lul": 0.00102795,
              "odp": 5.694500000000001e-17,
              "ap": 0.0005495,
              "ep_fw": 3.32675e-7,
              "ep_mar": 0.00025795,
              "ep_ter": 0.0028770000000000002,
              "pocp": 0.0004987500000000001,
              "adpe": 1.474725e-8,
              "adpf": 2.12625,
              "wdp": 0.00062685
            },
            "c1": {
              "gwp": null,
              "gwp_fos": 0.0,
              "gwp_bio": 0.0,
              "gwp_lul": 0.0,
              "odp": 0.0,
              "ap": 0.0,
              "ep_fw": 0.0,
              "ep_mar": 0.0,
              "ep_ter": 0.0,
              "pocp": 0.0,
              "adpe": 0.0,
              "adpf": 0.0,
              "wdp": 0.0
            },
            "c2": {
              "gwp": 0.0,
              "gwp_fos": null,
              "gwp_bio": 0.0,
              "gwp_lul": 0.0,
              "odp": 0.0,
              "ap": 0.0,
              "ep_fw": 0.0,
              "ep_mar": 0.0,
              "ep_ter": 0.0,
              "pocp": 0.0,
              "adpe": 0.0,
              "adpf": 0.0,
              "wdp": 0.0
            },
            "c3": {
              "gwp": 0.0,
              "gwp_fos": 0.0,
              "gwp_bio": null,
              "gwp_lul": 0.0,
              "odp": 0.0,
              "ap": 0.0,
              "ep_fw": 0.0,
              "ep_mar": 0.0,
              "ep_ter": 0.0,
              "pocp": 0.0,
              "adpe": 0.0,
              "adpf": 0.0,
              "wdp": 0.0
            },
            "c4": {
              "gwp": 0.0,
              "gwp_fos": 0.0,
              "gwp_bio": 0.0,
              "gwp_lul": null,
              "odp": 0.0,
              "ap": 0.0,
              "ep_fw": 0.0,
              "ep_mar": 0.0,
              "ep_ter": 0.0,
              "pocp": 0.0,
              "adpe": 0.0,
              "adpf": 0.0,
              "wdp": 0.0
            },
            "d": {
              "gwp": 0.0,
              "gwp_fos": 0.0,
              "gwp_bio": 0.0,
              "gwp_lul": 0.0,
              "odp": null,
              "ap": 0.0,
              "ep_fw": 0.0,
              "ep_mar": 0.0,
              "ep_ter": 0.0,
              "pocp": 0.0,
              "adpe": 0.0,
              "adpf": 0.0,
              "wdp": 0.0
            }
          },
          "location": "dnk",
          "meta_data": {
            "category": "Transportmidler",
            "created": "2024-06-05",
            "origin": "https://github.com/ocni-dtu/infralca"
          },
          "name": "Lastbil 26 ton diesel",
          "published_date": "2023-09-21",
          "reference_service_life": 0,
          "source": {
            "name": "InfraLCA",
            "url": null
          },
          "standard": "en15804a2",
          "subtype": "generic",
          "valid_until": "2028-09-19",
          "version": "3.1"
        }
      },
      "life_cycle_stages": [
        "a4"
      ],
      "name": "Lastbil 26 ton diesel"
    }
  ],
  "unit": "tones"
}