{
  "description": null,
  "id": "e1de6658-c9ab-56bd-8041-9c0c39616104",
  "impact_data": {
    "epd": {
      "comment": "Udregnet som gennemsnit af NEPD-4414-3637-EN og kombination 0,288 kg Cu/0 (Cu wire Rod) + 0,159 kg PVC/m",
      "conversions": null,
      "declared_unit": "m",
      "format_version": "2.2.1",
      "id": "9af00b16-9f0b-58da-a0c4-e36f71511610",
      "impacts": {
        "a1a3": {
          "gwp": 1.3505705703604232,
          "gwp_fos": 0.0,
          "gwp_bio": 0.0,
          "gwp_lul": 0.0,
          "odp": 0.0,
          "ap": 0.0,
          "ep_fw": 0.0,
          "ep_mar": 0.0,
          "ep_ter": 0.0,
          "pocp": 0.0,
          "adpe": 0.0,
          "adpf": 0.0,
          "wdp": 0.0
        },
        "c1": {
          "gwp": null,
          "gwp_fos": 0.0,
          "gwp_bio": 0.0,
          "gwp_lul": 0.0,
          "odp": 0.0,
          "ap": 0.0,
          "ep_fw": 0.0,
          "ep_mar": 0.0,
          "ep_ter": 0.0,
          "pocp": 0.0,
          "adpe": 0.0,
          "adpf": 0.0,
          "wdp": 0.0
        },
        "c2": {
          "gwp": 0.0,
          "gwp_fos": null,
          "gwp_bio": 0.0218056,
          "gwp_lul": 0.0217556,
          "odp": 9.226240000000001e-6,
          "ap": 6.61952e-6,
          "ep_fw": 5.00152e-9,
          "ep_mar": 0.0000913536,
          "ep_ter": 3.3563999999999995e-7,
          "pocp": 0.000027402799999999998,
          "adpe": 0.00030276399999999996,
          "adpf": 0.0000966376,
          "wdp": 3.375248e-7
        },
        "c3": {
          "gwp": 0.336364,
          "gwp_fos": 0.230127584,
          "gwp_bio": null,
          "gwp_lul": 0.13353556800000002,
          "odp": 0.133514544,
          "ap": 0.000022188999999999997,
          "ep_fw": 1.7731392000000002e-7,
          "ep_mar": 1.11115056e-10,
          "ep_ter": 0.0000173084672,
          "pocp": 1.201704e-8,
          "adpe": 8.304464e-6,
          "adpf": 0.00008953815999999999,
          "wdp": 0.0000214094608
        },
        "c4": {
          "gwp": 5.1526064e-9,
          "gwp_fos": 0.0092093024,
          "gwp_bio": 0.0252018576,
          "gwp_lul": null,
          "odp": 0.0059,
          "ap": 0.0059,
          "ep_fw": 4.99e-7,
          "ep_mar": 3.825e-7,
          "ep_ter": 3.43e-10,
          "pocp": 9.15e-6,
          "adpe": 1.83e-8,
          "adpf": 8.6e-6,
          "wdp": 0.0000366
        },
        "d": {
          "gwp": 0.00001145,
          "gwp_fos": 9.1e-9,
          "gwp_bio": 0.02705,
          "gwp_lul": 0.51,
          "odp": null,
          "ap": -1.081472940376169,
          "ep_fw": -1.0764523764761738,
          "ep_mar": -0.003019187492584916,
          "ep_ter": -0.0018272942710192462,
          "pocp": -0.0005500633460415682,
          "adpe": -0.036200669107569916,
          "adpf": -0.017215051836231246,
          "wdp": -0.007533574650959225
        }
      },
      "location": "dnk",
      "meta_data": {
        "category": "TEKNIK",
        "created": "2024-06-05",
        "origin": "https://github.com/ocni-dtu/infralca"
      },
      "name": "Kabelleverance Cu, 5G6 mm2",
      "published_date": "2023-09-21",
      "reference_service_life": 20,
      "source": {
        "name": "InfraLCA",
        "url": null
      },
      "standard": "en15804a1",
      "subtype": "generic",
      "valid_until": "2028-09-19",
      "version": "3.1"
    }
  },
  "meta_data": {
    "category": "TEKNIK",
    "created": "2024-06-05",
    "origin": "https://github.com/ocni-dtu/infralca"
  },
  "name": "Kabelleverance Cu, 5G6 mm2",
  "quantity": 1.0,
  "reference_service_life": 20,
  "results": null,
  "transport": [
    {
      "distance": 1500.0,
      "distance_unit": "km",
      "id": "27d2a401-514f-4e4d-874f-ce1872a3dd9e",
      "impact_data": {
        "epd": {
          "comment": "2021: 20-26 ton lastbil, der overholder EURONORM 5.  Ökobau database værdier (Process Data set: Truck) nyttegrad korrigeret til 49 % for bulk transport",
          "conversions": null,
          "declared_unit": "tones_km",
          "format_version": "2.2.1",
          "id": "9307ed80-66ed-5f86-94df-4dd694c826ee",
          "impacts": {
            "a1a3": {
              "gwp": 0.16122750000000002,
              "gwp_fos": 0.1601075,
              "gwp_bio": 0.0000872375,
              "gwp_lul": 0.00102795,
              "odp": 5.694500000000001e-17,
              "ap": 0.0005495,
              "ep_fw": 3.32675e-7,
              "ep_mar": 0.00025795,
              "ep_ter": 0.0028770000000000002,
              "pocp": 0.0004987500000000001,
              "adpe": 1.474725e-8,
              "adpf": 2.12625,
              "wdp": 0.00062685
            },
            "c1": {
              "gwp": null,
              "gwp_fos": 0.0,
              "gwp_bio": 0.0,
              "gwp_lul": 0.0,
              "odp": 0.0,
              "ap": 0.0,
              "ep_fw": 0.0,
              "ep_mar": 0.0,
              "ep_ter": 0.0,
              "pocp": 0.0,
              "adpe": 0.0,
              "adpf": 0.0,
              "wdp": 0.0
            },
            "c2": {
              "gwp": 0.0,
              "gwp_fos": null,
              "gwp_bio": 0.0,
              "gwp_lul": 0.0,
              "odp": 0.0,
              "ap": 0.0,
              "ep_fw": 0.0,
              "ep_mar": 0.0,
              "ep_ter": 0.0,
              "pocp": 0.0,
              "adpe": 0.0,
              "adpf": 0.0,
              "wdp": 0.0
            },
            "c3": {
              "gwp": 0.0,
              "gwp_fos": 0.0,
              "gwp_bio": null,
              "gwp_lul": 0.0,
              "odp": 0.0,
              "ap": 0.0,
              "ep_fw": 0.0,
              "ep_mar": 0.0,
              "ep_ter": 0.0,
              "pocp": 0.0,
              "adpe": 0.0,
              "adpf": 0.0,
              "wdp": 0.0
            },
            "c4": {
              "gwp": 0.0,
              "gwp_fos": 0.0,
              "gwp_bio": 0.0,
              "gwp_lul": null,
              "odp": 0.0,
              "ap": 0.0,
              "ep_fw": 0.0,
              "ep_mar": 0.0,
              "ep_ter": 0.0,
              "pocp": 0.0,
              "adpe": 0.0,
              "adpf": 0.0,
              "wdp": 0.0
            },
            "d": {
              "gwp": 0.0,
              "gwp_fos": 0.0,
              "gwp_bio": 0.0,
              "gwp_lul": 0.0,
              "odp": null,
              "ap": 0.0,
              "ep_fw": 0.0,
              "ep_mar": 0.0,
              "ep_ter": 0.0,
              "pocp": 0.0,
              "adpe": 0.0,
              "adpf": 0.0,
              "wdp": 0.0
            }
          },
          "location": "dnk",
          "meta_data": {
            "category": "Transportmidler",
            "created": "2024-06-05",
            "origin": "https://github.com/ocni-dtu/infralca"
          },
          "name": "Lastbil 26 ton diesel",
          "published_date": "2023-09-21",
          "reference_service_life": 0,
          "source": {
            "name": "InfraLCA",
            "url": null
          },
          "standard": "en15804a2",
          "subtype": "generic",
          "valid_until": "2028-09-19",
          "version": "3.1"
        }
      },
      "life_cycle_stages": [
        "a4"
      ],
      "name": "Lastbil 26 ton diesel"
    }
  ],
  "unit": "m"
}