{
  "description": null,
  "id": "e91f2158-0fbc-5ac7-b115-812d4466192e",
  "impact_data": {
    "epd": {
      "comment": "Gennemsnit af EPD: RTS_100_21 og NEPD-3588-2251-EN ",
      "conversions": null,
      "declared_unit": "m",
      "format_version": "2.2.1",
      "id": "11a2a12b-c780-5101-83de-13eaa1650c5a",
      "impacts": {
        "a1a3": {
          "gwp": 4.7485,
          "gwp_fos": 4.8871,
          "gwp_bio": -0.14365799999999998,
          "gwp_lul": 0.0075417800000000005,
          "odp": 1.719715e-7,
          "ap": 0.0178774,
          "ep_fw": 0.000351053,
          "ep_mar": 0.00342025,
          "ep_ter": 0.0363215,
          "pocp": 0.0154972,
          "adpe": 0.000061493,
          "adpf": 162.3415,
          "wdp": 68.65169999999999
        },
        "c1": {
          "gwp": null,
          "gwp_fos": 0.0,
          "gwp_bio": 0.0,
          "gwp_lul": 0.0,
          "odp": 0.0,
          "ap": 0.0,
          "ep_fw": 0.0,
          "ep_mar": 0.0,
          "ep_ter": 0.0,
          "pocp": 0.0,
          "adpe": 0.0,
          "adpf": 0.0,
          "wdp": 0.0
        },
        "c2": {
          "gwp": 0.0,
          "gwp_fos": null,
          "gwp_bio": 0.00033973499999999997,
          "gwp_lul": 0.00033973499999999997,
          "odp": -5.03745e-8,
          "ap": 1.1928e-7,
          "ep_fw": 7.7745e-11,
          "ep_mar": 7.95555e-7,
          "ep_ter": 2.5879499999999997e-8,
          "pocp": 1.11825e-7,
          "adpe": 1.18215e-6,
          "adpf": 6.14505e-7,
          "wdp": 8.46675e-9
        },
        "c3": {
          "gwp": 0.005111999999999999,
          "gwp_fos": 0.00482445,
          "gwp_bio": null,
          "gwp_lul": 0.0384465,
          "odp": 0.0384465,
          "ap": 9.265499999999999e-8,
          "ep_fw": 1.1608499999999999e-6,
          "ep_mar": 4.1960999999999996e-10,
          "ep_ter": 0.0000252405,
          "pocp": 2.3110499999999998e-7,
          "adpe": 0.000024282,
          "adpf": 0.00011289,
          "wdp": 0.000041109
        },
        "c4": {
          "gwp": 4.1322e-8,
          "gwp_fos": 0.030246,
          "gwp_bio": 0.013632,
          "gwp_lul": null,
          "odp": 0.0066136499999999996,
          "ap": 0.00657105,
          "ep_fw": 0.000031417499999999995,
          "ep_mar": 3.4719e-6,
          "ep_ter": 1.704e-9,
          "pocp": 0.0000331215,
          "adpe": 1.43775e-6,
          "adpf": 9.478499999999999e-6,
          "wdp": 0.00010224
        },
        "d": {
          "gwp": 0.0000326955,
          "gwp_fos": 1.07565e-7,
          "gwp_bio": 0.1278,
          "gwp_lul": 0.06177,
          "odp": null,
          "ap": -0.1787895,
          "ep_fw": -0.178258,
          "ep_mar": -0.000450445,
          "ep_ter": -0.00003913,
          "pocp": -5.3186e-9,
          "adpe": -0.0005539550000000001,
          "adpf": -0.000014905439999999999,
          "wdp": -0.00009643299999999999
        }
      },
      "location": "dnk",
      "meta_data": {
        "category": "PLASTMATERIALER",
        "created": "2024-06-05",
        "origin": "https://github.com/ocni-dtu/infralca"
      },
      "name": "Rør PP Korrugeret Dræn, Kloak Ø200",
      "published_date": "2023-09-21",
      "reference_service_life": 100,
      "source": {
        "name": "InfraLCA",
        "url": null
      },
      "standard": "en15804a2",
      "subtype": "representative",
      "valid_until": "2028-09-19",
      "version": "3.1"
    }
  },
  "meta_data": {
    "category": "PLASTMATERIALER",
    "created": "2024-06-05",
    "origin": "https://github.com/ocni-dtu/infralca"
  },
  "name": "Rør PP Korrugeret Dræn, Kloak Ø200",
  "quantity": 1.0,
  "reference_service_life": 100,
  "results": null,
  "transport": [
    {
      "distance": 1500.0,
      "distance_unit": "km",
      "id": "b3b99bc0-6d4b-4546-b271-0ba958e69d62",
      "impact_data": {
        "epd": {
          "comment": "2021: 20-26 ton lastbil, der overholder EURONORM 5.  Ökobau database værdier (Process Data set: Truck) nyttegrad korrigeret til 49 % for bulk transport",
          "conversions": null,
          "declared_unit": "tones_km",
          "format_version": "2.2.1",
          "id": "9307ed80-66ed-5f86-94df-4dd694c826ee",
          "impacts": {
            "a1a3": {
              "gwp": 0.16122750000000002,
              "gwp_fos": 0.1601075,
              "gwp_bio": 0.0000872375,
              "gwp_lul": 0.00102795,
              "odp": 5.694500000000001e-17,
              "ap": 0.0005495,
              "ep_fw": 3.32675e-7,
              "ep_mar": 0.00025795,
              "ep_ter": 0.0028770000000000002,
              "pocp": 0.0004987500000000001,
              "adpe": 1.474725e-8,
              "adpf": 2.12625,
              "wdp": 0.00062685
            },
            "c1": {
              "gwp": null,
              "gwp_fos": 0.0,
              "gwp_bio": 0.0,
              "gwp_lul": 0.0,
              "odp": 0.0,
              "ap": 0.0,
              "ep_fw": 0.0,
              "ep_mar": 0.0,
              "ep_ter": 0.0,
              "pocp": 0.0,
              "adpe": 0.0,
              "adpf": 0.0,
              "wdp": 0.0
            },
            "c2": {
              "gwp": 0.0,
              "gwp_fos": null,
              "gwp_bio": 0.0,
              "gwp_lul": 0.0,
              "odp": 0.0,
              "ap": 0.0,
              "ep_fw": 0.0,
              "ep_mar": 0.0,
              "ep_ter": 0.0,
              "pocp": 0.0,
              "adpe": 0.0,
              "adpf": 0.0,
              "wdp": 0.0
            },
            "c3": {
              "gwp": 0.0,
              "gwp_fos": 0.0,
              "gwp_bio": null,
              "gwp_lul": 0.0,
              "odp": 0.0,
              "ap": 0.0,
              "ep_fw": 0.0,
              "ep_mar": 0.0,
              "ep_ter": 0.0,
              "pocp": 0.0,
              "adpe": 0.0,
              "adpf": 0.0,
              "wdp": 0.0
            },
            "c4": {
              "gwp": 0.0,
              "gwp_fos": 0.0,
              "gwp_bio": 0.0,
              "gwp_lul": null,
              "odp": 0.0,
              "ap": 0.0,
              "ep_fw": 0.0,
              "ep_mar": 0.0,
              "ep_ter": 0.0,
              "pocp": 0.0,
              "adpe": 0.0,
              "adpf": 0.0,
              "wdp": 0.0
            },
            "d": {
              "gwp": 0.0,
              "gwp_fos": 0.0,
              "gwp_bio": 0.0,
              "gwp_lul": 0.0,
              "odp": null,
              "ap": 0.0,
              "ep_fw": 0.0,
              "ep_mar": 0.0,
              "ep_ter": 0.0,
              "pocp": 0.0,
              "adpe": 0.0,
              "adpf": 0.0,
              "wdp": 0.0
            }
          },
          "location": "dnk",
          "meta_data": {
            "category": "Transportmidler",
            "created": "2024-06-05",
            "origin": "https://github.com/ocni-dtu/infralca"
          },
          "name": "Lastbil 26 ton diesel",
          "published_date": "2023-09-21",
          "reference_service_life": 0,
          "source": {
            "name": "InfraLCA",
            "url": null
          },
          "standard": "en15804a2",
          "subtype": "generic",
          "valid_until": "2028-09-19",
          "version": "3.1"
        }
      },
      "life_cycle_stages": [
        "a4"
      ],
      "name": "Lastbil 26 ton diesel"
    }
  ],
  "unit": "m"
}