{
  "description": null,
  "id": "f187cd44-d446-5b50-98f4-add266559d0d",
  "impact_data": {
    "epd": {
      "comment": "Baseret på EPD: RTS_100_21 ",
      "conversions": null,
      "declared_unit": "m",
      "format_version": "2.2.1",
      "id": "ed78cb13-1fd8-5fe8-b22f-fb4f2392043b",
      "impacts": {
        "a1a3": {
          "gwp": 62.006,
          "gwp_fos": 66.822,
          "gwp_bio": -4.6354,
          "gwp_lul": 0.0184212,
          "odp": 2.15215e-6,
          "ap": 0.22635199999999997,
          "ep_fw": 0.0088193,
          "ep_mar": 0.042441,
          "ep_ter": 0.41838999999999993,
          "pocp": 0.191436,
          "adpe": 0.00071638,
          "adpf": 2248.47,
          "wdp": 1887.27
        },
        "c1": {
          "gwp": null,
          "gwp_fos": 0.0,
          "gwp_bio": 0.0,
          "gwp_lul": 0.0,
          "odp": 0.0,
          "ap": 0.0,
          "ep_fw": 0.0,
          "ep_mar": 0.0,
          "ep_ter": 0.0,
          "pocp": 0.0,
          "adpe": 0.0,
          "adpf": 0.0,
          "wdp": 0.0
        },
        "c2": {
          "gwp": 0.0,
          "gwp_fos": null,
          "gwp_bio": 0.0096019,
          "gwp_lul": 0.0096019,
          "odp": -1.42373e-6,
          "ap": 3.3711999999999996e-6,
          "ep_fw": 2.1973e-9,
          "ep_mar": 0.0000224847,
          "ep_ter": 7.314299999999999e-7,
          "pocp": 3.1604999999999996e-6,
          "adpe": 0.000033410999999999996,
          "adpf": 0.0000173677,
          "wdp": 2.39295e-7
        },
        "c3": {
          "gwp": 0.14447999999999997,
          "gwp_fos": 0.136353,
          "gwp_bio": null,
          "gwp_lul": 1.0866099999999999,
          "odp": 1.0866099999999999,
          "ap": 2.6186999999999996e-6,
          "ep_fw": 0.000032809,
          "ep_mar": 1.1859399999999999e-8,
          "ep_ter": 0.00071337,
          "pocp": 6.5317e-6,
          "adpe": 0.0006862799999999999,
          "adpf": 0.0031906,
          "wdp": 0.00116186
        },
        "c4": {
          "gwp": 1.1678799999999997e-6,
          "gwp_fos": 0.8548399999999999,
          "gwp_bio": 0.38528,
          "gwp_lul": null,
          "odp": 0.186921,
          "ap": 0.185717,
          "ep_fw": 0.0008879499999999999,
          "ep_mar": 0.000098126,
          "ep_ter": 4.8159999999999996e-8,
          "pocp": 0.0009361099999999999,
          "adpe": 0.000040635,
          "adpf": 0.00026788999999999996,
          "wdp": 0.0028896
        },
        "d": {
          "gwp": 0.0009240699999999999,
          "gwp_fos": 3.0401e-6,
          "gwp_bio": 3.6119999999999997,
          "gwp_lul": 1.7458,
          "odp": null,
          "ap": -2.99495,
          "ep_fw": -2.9859199999999997,
          "ep_mar": -0.0060501,
          "ep_ter": -0.0007344399999999999,
          "pocp": -4.8159999999999996e-8,
          "adpe": -0.0102039,
          "adpf": -0.00040032999999999996,
          "wdp": -0.0017518199999999999
        }
      },
      "location": "dnk",
      "meta_data": {
        "category": "PLASTMATERIALER",
        "created": "2024-06-05",
        "origin": "https://github.com/ocni-dtu/infralca"
      },
      "name": "Rør PP Korrugeret Dræn, Kloak Ø800",
      "published_date": "2023-09-21",
      "reference_service_life": 100,
      "source": {
        "name": "InfraLCA",
        "url": null
      },
      "standard": "en15804a2",
      "subtype": "representative",
      "valid_until": "2028-09-19",
      "version": "3.1"
    }
  },
  "meta_data": {
    "category": "PLASTMATERIALER",
    "created": "2024-06-05",
    "origin": "https://github.com/ocni-dtu/infralca"
  },
  "name": "Rør PP Korrugeret Dræn, Kloak Ø800",
  "quantity": 1.0,
  "reference_service_life": 100,
  "results": null,
  "transport": [
    {
      "distance": 1500.0,
      "distance_unit": "km",
      "id": "38da6416-b1ee-4cf2-933a-bfb660f2f88a",
      "impact_data": {
        "epd": {
          "comment": "2021: 20-26 ton lastbil, der overholder EURONORM 5.  Ökobau database værdier (Process Data set: Truck) nyttegrad korrigeret til 49 % for bulk transport",
          "conversions": null,
          "declared_unit": "tones_km",
          "format_version": "2.2.1",
          "id": "9307ed80-66ed-5f86-94df-4dd694c826ee",
          "impacts": {
            "a1a3": {
              "gwp": 0.16122750000000002,
              "gwp_fos": 0.1601075,
              "gwp_bio": 0.0000872375,
              "gwp_lul": 0.00102795,
              "odp": 5.694500000000001e-17,
              "ap": 0.0005495,
              "ep_fw": 3.32675e-7,
              "ep_mar": 0.00025795,
              "ep_ter": 0.0028770000000000002,
              "pocp": 0.0004987500000000001,
              "adpe": 1.474725e-8,
              "adpf": 2.12625,
              "wdp": 0.00062685
            },
            "c1": {
              "gwp": null,
              "gwp_fos": 0.0,
              "gwp_bio": 0.0,
              "gwp_lul": 0.0,
              "odp": 0.0,
              "ap": 0.0,
              "ep_fw": 0.0,
              "ep_mar": 0.0,
              "ep_ter": 0.0,
              "pocp": 0.0,
              "adpe": 0.0,
              "adpf": 0.0,
              "wdp": 0.0
            },
            "c2": {
              "gwp": 0.0,
              "gwp_fos": null,
              "gwp_bio": 0.0,
              "gwp_lul": 0.0,
              "odp": 0.0,
              "ap": 0.0,
              "ep_fw": 0.0,
              "ep_mar": 0.0,
              "ep_ter": 0.0,
              "pocp": 0.0,
              "adpe": 0.0,
              "adpf": 0.0,
              "wdp": 0.0
            },
            "c3": {
              "gwp": 0.0,
              "gwp_fos": 0.0,
              "gwp_bio": null,
              "gwp_lul": 0.0,
              "odp": 0.0,
              "ap": 0.0,
              "ep_fw": 0.0,
              "ep_mar": 0.0,
              "ep_ter": 0.0,
              "pocp": 0.0,
              "adpe": 0.0,
              "adpf": 0.0,
              "wdp": 0.0
            },
            "c4": {
              "gwp": 0.0,
              "gwp_fos": 0.0,
              "gwp_bio": 0.0,
              "gwp_lul": null,
              "odp": 0.0,
              "ap": 0.0,
              "ep_fw": 0.0,
              "ep_mar": 0.0,
              "ep_ter": 0.0,
              "pocp": 0.0,
              "adpe": 0.0,
              "adpf": 0.0,
              "wdp": 0.0
            },
            "d": {
              "gwp": 0.0,
              "gwp_fos": 0.0,
              "gwp_bio": 0.0,
              "gwp_lul": 0.0,
              "odp": null,
              "ap": 0.0,
              "ep_fw": 0.0,
              "ep_mar": 0.0,
              "ep_ter": 0.0,
              "pocp": 0.0,
              "adpe": 0.0,
              "adpf": 0.0,
              "wdp": 0.0
            }
          },
          "location": "dnk",
          "meta_data": {
            "category": "Transportmidler",
            "created": "2024-06-05",
            "origin": "https://github.com/ocni-dtu/infralca"
          },
          "name": "Lastbil 26 ton diesel",
          "published_date": "2023-09-21",
          "reference_service_life": 0,
          "source": {
            "name": "InfraLCA",
            "url": null
          },
          "standard": "en15804a2",
          "subtype": "generic",
          "valid_until": "2028-09-19",
          "version": "3.1"
        }
      },
      "life_cycle_stages": [
        "a4"
      ],
      "name": "Lastbil 26 ton diesel"
    }
  ],
  "unit": "m"
}