{
  "description": null,
  "id": "f9023937-49fa-585f-a6ba-fd26df65bcd6",
  "impact_data": {
    "epd": {
      "comment": "Udarbejdet som kombination af 101 kg galvaniseret stål og 1 stk belysningsarmatur (gennemsnit NEPD-4447-3710, S-P-03810, S-P-09191) ",
      "conversions": null,
      "declared_unit": "pcs",
      "format_version": "2.2.1",
      "id": "b7505aa3-d439-5e8c-9dba-ed82d33c455b",
      "impacts": {
        "a1a3": {
          "gwp": 357.4563866039979,
          "gwp_fos": 346.5532903454523,
          "gwp_bio": 1.1436995116509339,
          "gwp_lul": 2.1314302396902507,
          "odp": 0.000012206015334935798,
          "ap": 1.6038623685021078,
          "ep_fw": 0.10485351421131367,
          "ep_mar": 0.1825246051039589,
          "ep_ter": 3.0072454891124805,
          "pocp": 1.2762135208489547,
          "adpe": 0.0094266824322607,
          "adpf": 3969.9461392133644,
          "wdp": 2354.974790947019
        },
        "c1": {
          "gwp": null,
          "gwp_fos": 0.1186520503501004,
          "gwp_bio": 0.12120608601017882,
          "gwp_lul": -0.0004999474528311009,
          "odp": 0.0005590723728360662,
          "ap": 1.4218135537552516e-8,
          "ep_fw": 0.0009602771871554734,
          "ep_mar": 2.2795271029125215e-6,
          "ep_ter": 0.0004267451709201916,
          "pocp": 0.0047018388765853346,
          "adpe": 0.0012637448888136117,
          "adpf": 3.9706204781565794e-8,
          "wdp": 1.8260349443710364
        },
        "c2": {
          "gwp": 0.002095515872284824,
          "gwp_fos": null,
          "gwp_bio": 1.5836199688086463,
          "gwp_lul": 1.5713525534334665,
          "odp": 0.007967924806098134,
          "ap": 0.005789876277617751,
          "ep_fw": 2.1681946584895994e-7,
          "ep_mar": 0.005194556521433134,
          "ep_ter": 0.00003927317375270354,
          "pocp": 0.0016981451035258303,
          "adpe": 0.018860402912946123,
          "adpf": 0.004700755094194721,
          "wdp": 0.000011809456093973912
        },
        "c3": {
          "gwp": 23.266370831404668,
          "gwp_fos": 5.5759415159975765,
          "gwp_bio": null,
          "gwp_lul": 6.884345465555906,
          "odp": 6.916964360803459,
          "ap": 0.08538954071445448,
          "ep_fw": 0.002989225534620819,
          "ep_mar": 5.923579698395925e-7,
          "ep_ter": 0.03753495200297916,
          "pocp": 0.0017336259956542476,
          "adpe": 0.011127866705646198,
          "adpf": 0.12352365105745504,
          "wdp": 0.03370616411153559
        },
        "c4": {
          "gwp": 0.00011369073873447251,
          "gwp_fos": 48.946452928936246,
          "gwp_bio": 22.28421051909668,
          "gwp_lul": null,
          "odp": 0.3713666990127121,
          "ap": 0.3312862569446781,
          "ep_fw": 0.039981096114012016,
          "ep_mar": 0.0006569500856760686,
          "ep_ter": 2.854321931608191e-8,
          "pocp": 0.0012852603412139263,
          "adpe": 6.677805746172138e-6,
          "adpf": 0.0006786592952084188,
          "wdp": 0.004971046250745853
        },
        "d": {
          "gwp": 0.0015775228624691755,
          "gwp_fos": 7.185583288970148e-7,
          "gwp_bio": 2.5935347275706286,
          "gwp_lul": 15.607941643166653,
          "odp": null,
          "ap": -55.19124865139737,
          "ep_fw": -54.92303866908126,
          "ep_mar": -0.06387617512147266,
          "ep_ter": -0.16468175561009338,
          "pocp": -0.013500191653299944,
          "adpe": -0.26675725951229967,
          "adpf": -0.0014428987037319726,
          "wdp": -0.028019037773217285
        }
      },
      "location": "dnk",
      "meta_data": {
        "category": "TEKNIK",
        "created": "2024-06-05",
        "origin": "https://github.com/ocni-dtu/infralca"
      },
      "name": "Plan90 mast m. 1 armatur",
      "published_date": "2023-09-21",
      "reference_service_life": 20,
      "source": {
        "name": "InfraLCA",
        "url": null
      },
      "standard": "en15804a2",
      "subtype": "generic",
      "valid_until": "2028-09-19",
      "version": "3.1"
    }
  },
  "meta_data": {
    "category": "TEKNIK",
    "created": "2024-06-05",
    "origin": "https://github.com/ocni-dtu/infralca"
  },
  "name": "Plan90 mast m. 1 armatur",
  "quantity": 1.0,
  "reference_service_life": 20,
  "results": null,
  "transport": [
    {
      "distance": 138.0,
      "distance_unit": "km",
      "id": "97147e9b-76d4-44a1-8793-23ac06521607",
      "impact_data": {
        "epd": {
          "comment": "2021: 20-26 ton lastbil, der overholder EURONORM 5.  Ökobau database værdier (Process Data set: Truck) nyttegrad korrigeret til 49 % for bulk transport",
          "conversions": null,
          "declared_unit": "tones_km",
          "format_version": "2.2.1",
          "id": "9307ed80-66ed-5f86-94df-4dd694c826ee",
          "impacts": {
            "a1a3": {
              "gwp": 0.16122750000000002,
              "gwp_fos": 0.1601075,
              "gwp_bio": 0.0000872375,
              "gwp_lul": 0.00102795,
              "odp": 5.694500000000001e-17,
              "ap": 0.0005495,
              "ep_fw": 3.32675e-7,
              "ep_mar": 0.00025795,
              "ep_ter": 0.0028770000000000002,
              "pocp": 0.0004987500000000001,
              "adpe": 1.474725e-8,
              "adpf": 2.12625,
              "wdp": 0.00062685
            },
            "c1": {
              "gwp": null,
              "gwp_fos": 0.0,
              "gwp_bio": 0.0,
              "gwp_lul": 0.0,
              "odp": 0.0,
              "ap": 0.0,
              "ep_fw": 0.0,
              "ep_mar": 0.0,
              "ep_ter": 0.0,
              "pocp": 0.0,
              "adpe": 0.0,
              "adpf": 0.0,
              "wdp": 0.0
            },
            "c2": {
              "gwp": 0.0,
              "gwp_fos": null,
              "gwp_bio": 0.0,
              "gwp_lul": 0.0,
              "odp": 0.0,
              "ap": 0.0,
              "ep_fw": 0.0,
              "ep_mar": 0.0,
              "ep_ter": 0.0,
              "pocp": 0.0,
              "adpe": 0.0,
              "adpf": 0.0,
              "wdp": 0.0
            },
            "c3": {
              "gwp": 0.0,
              "gwp_fos": 0.0,
              "gwp_bio": null,
              "gwp_lul": 0.0,
              "odp": 0.0,
              "ap": 0.0,
              "ep_fw": 0.0,
              "ep_mar": 0.0,
              "ep_ter": 0.0,
              "pocp": 0.0,
              "adpe": 0.0,
              "adpf": 0.0,
              "wdp": 0.0
            },
            "c4": {
              "gwp": 0.0,
              "gwp_fos": 0.0,
              "gwp_bio": 0.0,
              "gwp_lul": null,
              "odp": 0.0,
              "ap": 0.0,
              "ep_fw": 0.0,
              "ep_mar": 0.0,
              "ep_ter": 0.0,
              "pocp": 0.0,
              "adpe": 0.0,
              "adpf": 0.0,
              "wdp": 0.0
            },
            "d": {
              "gwp": 0.0,
              "gwp_fos": 0.0,
              "gwp_bio": 0.0,
              "gwp_lul": 0.0,
              "odp": null,
              "ap": 0.0,
              "ep_fw": 0.0,
              "ep_mar": 0.0,
              "ep_ter": 0.0,
              "pocp": 0.0,
              "adpe": 0.0,
              "adpf": 0.0,
              "wdp": 0.0
            }
          },
          "location": "dnk",
          "meta_data": {
            "category": "Transportmidler",
            "created": "2024-06-05",
            "origin": "https://github.com/ocni-dtu/infralca"
          },
          "name": "Lastbil 26 ton diesel",
          "published_date": "2023-09-21",
          "reference_service_life": 0,
          "source": {
            "name": "InfraLCA",
            "url": null
          },
          "standard": "en15804a2",
          "subtype": "generic",
          "valid_until": "2028-09-19",
          "version": "3.1"
        }
      },