{
  "description": null,
  "id": "ffdbb852-7eff-5bfe-83f8-b78758e6e985",
  "impact_data": {
    "epd": {
      "comment": "Gennemsnit af EPD: S-P-06977, EPD­IVH­20220129­CBG1­DE og  NEPD-4127-3339-EN.",
      "conversions": null,
      "declared_unit": "tones",
      "format_version": "2.2.1",
      "id": "1b604539-f5e9-58ec-bea2-5db4a34d3f3e",
      "impacts": {
        "a1a3": {
          "gwp": 3826.1548000000003,
          "gwp_fos": 3804.165666666667,
          "gwp_bio": 19.442217216,
          "gwp_lul": 0.39040949599999997,
          "odp": 0.00008000258704473,
          "ap": 10.681916213333333,
          "ep_fw": 0.046922979266666665,
          "ep_mar": 1.4654153356666668,
          "ep_ter": 20.218218933333333,
          "pocp": 36.022623519999996,
          "adpe": 0.0027635216666666664,
          "adpf": 89032.45333333332,
          "wdp": 6312.721000000001
        },
        "c1": {
          "gwp": null,
          "gwp_fos": 0.0,
          "gwp_bio": 0.0,
          "gwp_lul": 0.0,
          "odp": 0.0,
          "ap": 0.0,
          "ep_fw": 0.0,
          "ep_mar": 0.0,
          "ep_ter": 0.0,
          "pocp": 0.0,
          "adpe": 0.0,
          "adpf": 0.0,
          "wdp": 0.0
        },
        "c2": {
          "gwp": 0.0,
          "gwp_fos": null,
          "gwp_bio": 1.9513071000000002,
          "gwp_lul": 1.2919820666666668,
          "odp": 0.003837028666666667,
          "ap": 0.006512017733333333,
          "ep_fw": 7.076080025556834e-8,
          "ep_mar": 0.0018096413333333332,
          "ep_ter": 4.394858333333333e-6,
          "pocp": 0.00047650633333333334,
          "adpe": 0.005560414666666667,
          "adpf": 0.0016242536666666665,
          "wdp": 5.3267012333333345e-6
        },
        "c3": {
          "gwp": 18.02292266666667,
          "gwp_fos": 3.6647370833333337,
          "gwp_bio": null,
          "gwp_lul": 3294.1320000000005,
          "odp": 2196.088,
          "ap": 0.06898559333333333,
          "ep_fw": 0.013442728000000001,
          "ep_mar": 7.719361455628334e-7,
          "ep_ter": 0.2780787,
          "pocp": 0.00009609167,
          "adpe": 0.08696083333333333,
          "adpf": 1.3630813333333336,
          "wdp": 0.22678833333333337
        },
        "c4": {
          "gwp": 0.000035364113333333334,
          "gwp_fos": 230.0906,
          "gwp_bio": 236.87120000000002,
          "gwp_lul": null,
          "odp": 0.07877256,
          "ap": 0.052456560000000006,
          "ep_fw": 0.000027836480000000002,
          "ep_mar": 8.07024e-6,
          "ep_ter": 5.8480000000000005e-9,
          "pocp": 0.00018479680000000004,
          "adpe": 7.07608e-7,
          "adpf": 0.00005766128,
          "wdp": 0.0006549760000000001
        },
        "d": {
          "gwp": 0.00018128800000000002,
          "gwp_fos": 2.9356960000000003e-7,
          "gwp_bio": 0.47719680000000003,
          "gwp_lul": 4.947408,
          "odp": null,
          "ap": -792.141,
          "ep_fw": -523.5324666666667,
          "ep_mar": -2.1711596933333337,
          "ep_ter": -2.4226043333333336,
          "pocp": -4.555592000004645,
          "adpe": -1.0527806666666668,
          "adpf": -0.005843344,
          "wdp": -0.3315067
        }
      },
      "location": "dnk",
      "meta_data": {
        "category": "ANDET",
        "created": "2024-06-05",
        "origin": "https://github.com/ocni-dtu/infralca"
      },
      "name": "Ekspanderet polystyren (EPS)",
      "published_date": "2023-09-21",
      "reference_service_life": 0,
      "source": {
        "name": "InfraLCA",
        "url": null
      },
      "standard": "en15804a2",
      "subtype": "representative",
      "valid_until": "2028-09-19",
      "version": "3.1"
    }
  },
  "meta_data": {
    "category": "ANDET",
    "created": "2024-06-05",
    "origin": "https://github.com/ocni-dtu/infralca"
  },
  "name": "Ekspanderet polystyren (EPS)",
  "quantity": 1.0,
  "reference_service_life": 0,
  "results": null,
  "transport": [
    {
      "distance": 300.0,
      "distance_unit": "km",
      "id": "96b4bb06-a1ba-4af7-a61e-8d344c84e4e5",
      "impact_data": {
        "epd": {
          "comment": "2021: 20-26 ton lastbil, der overholder EURONORM 5.  Ökobau database værdier (Process Data set: Truck) nyttegrad korrigeret til 49 % for bulk transport",
          "conversions": null,
          "declared_unit": "tones_km",
          "format_version": "2.2.1",
          "id": "9307ed80-66ed-5f86-94df-4dd694c826ee",
          "impacts": {
            "a1a3": {
              "gwp": 0.16122750000000002,
              "gwp_fos": 0.1601075,
              "gwp_bio": 0.0000872375,
              "gwp_lul": 0.00102795,
              "odp": 5.694500000000001e-17,
              "ap": 0.0005495,
              "ep_fw": 3.32675e-7,
              "ep_mar": 0.00025795,
              "ep_ter": 0.0028770000000000002,
              "pocp": 0.0004987500000000001,
              "adpe": 1.474725e-8,
              "adpf": 2.12625,
              "wdp": 0.00062685
            },
            "c1": {
              "gwp": null,
              "gwp_fos": 0.0,
              "gwp_bio": 0.0,
              "gwp_lul": 0.0,
              "odp": 0.0,
              "ap": 0.0,
              "ep_fw": 0.0,
              "ep_mar": 0.0,
              "ep_ter": 0.0,
              "pocp": 0.0,
              "adpe": 0.0,
              "adpf": 0.0,
              "wdp": 0.0
            },
            "c2": {
              "gwp": 0.0,
              "gwp_fos": null,
              "gwp_bio": 0.0,
              "gwp_lul": 0.0,
              "odp": 0.0,
              "ap": 0.0,
              "ep_fw": 0.0,
              "ep_mar": 0.0,
              "ep_ter": 0.0,
              "pocp": 0.0,
              "adpe": 0.0,
              "adpf": 0.0,
              "wdp": 0.0
            },
            "c3": {
              "gwp": 0.0,
              "gwp_fos": 0.0,
              "gwp_bio": null,
              "gwp_lul": 0.0,
              "odp": 0.0,
              "ap": 0.0,
              "ep_fw": 0.0,
              "ep_mar": 0.0,
              "ep_ter": 0.0,
              "pocp": 0.0,
              "adpe": 0.0,
              "adpf": 0.0,
              "wdp": 0.0
            },
            "c4": {
              "gwp": 0.0,
              "gwp_fos": 0.0,
              "gwp_bio": 0.0,
              "gwp_lul": null,
              "odp": 0.0,
              "ap": 0.0,
              "ep_fw": 0.0,
              "ep_mar": 0.0,
              "ep_ter": 0.0,
              "pocp": 0.0,
              "adpe": 0.0,
              "adpf": 0.0,
              "wdp": 0.0
            },
            "d": {
              "gwp": 0.0,
              "gwp_fos": 0.0,
              "gwp_bio": 0.0,
              "gwp_lul": 0.0,
              "odp": null,
              "ap": 0.0,
              "ep_fw": 0.0,
              "ep_mar": 0.0,
              "ep_ter": 0.0,
              "pocp": 0.0,
              "adpe": 0.0,
              "adpf": 0.0,
              "wdp": 0.0
            }
          },
          "location": "dnk",
          "meta_data": {
            "category": "Transportmidler",
            "created": "2024-06-05",
            "origin": "https://github.com/ocni-dtu/infralca"
          },
          "name": "Lastbil 26 ton diesel",
          "published_date": "2023-09-21",
          "reference_service_life": 0,
          "source": {
            "name": "InfraLCA",
            "url": null
          },
          "standard": "en15804a2",
          "subtype": "generic",
          "valid_until": "2028-09-19",
          "version": "3.1"
        }
      },
      "life_cycle_stages": [
        "a4"
      ],
      "name": "Lastbil 26 ton diesel"
    }
  ],
  "unit": "tones"
}