{
  "comment": "Gennemsnit af EPD: NEPD-3637-2585-DK, NEPD-3580-2248-DK, NEPD-355-2148-DK",
  "conversions": null,
  "declared_unit": "tones",
  "format_version": "2.2.1",
  "id": "05257d95-3548-5853-8baf-120e6ba678ff",
  "impacts": {
    "a1a3": {
      "gwp": 81.63333333333334,
      "gwp_fos": 81.8,
      "gwp_bio": -0.18802,
      "gwp_lul": 0.021516666666666667,
      "odp": 0.000011663333333333334,
      "ap": 0.9916,
      "ep_fw": 0.0008375666666666667,
      "ep_mar": 0.21527333333333334,
      "ep_ter": 2.416033333333333,
      "pocp": 0.6573666666666667,
      "adpe": 0.0009764999999999999,
      "adpf": 3376.6666666666665,
      "wdp": 3230.1666666666665
    },
    "c1": {
      "gwp": null,
      "gwp_fos": 3.0466666666666664,
      "gwp_bio": 3.0466666666666664,
      "gwp_lul": 0.0011333333333333332,
      "odp": 0.000318,
      "ap": 6.646666666666667e-7,
      "ep_fw": 0.029700000000000004,
      "ep_mar": 0.0000129,
      "ep_ter": 0.012893333333333333,
      "pocp": 0.14133333333333334,
      "adpe": 0.03913333333333333,
      "adpf": 9.666666666666667e-6,
      "wdp": 42.73333333333333
    },
    "c2": {
      "gwp": 13.866666666666667,
      "gwp_fos": null,
      "gwp_bio": 5.63,
      "gwp_lul": 5.63,
      "odp": 0.003663333333333333,
      "ap": 0.0018566666666666668,
      "ep_fw": 1.3166666666666668e-6,
      "ep_mar": 0.017166666666666667,
      "ep_ter": 0.000044800000000000005,
      "pocp": 0.0035966666666666664,
      "adpe": 0.04019999999999999,
      "adpf": 0.015633333333333332,
      "wdp": 0.000127
    },
    "c3": {
      "gwp": 88.13333333333333,
      "gwp_fos": 75.8,
      "gwp_bio": null,
      "gwp_lul": 2.12,
      "odp": 2.12,
      "ap": 0.00059,
      "ep_fw": 0.00016699999999999997,
      "ep_mar": 4.5799999999999995e-7,
      "ep_ter": 0.0222,
      "pocp": 7.72e-6,
      "adpe": 0.00979,
      "adpf": 0.107,
      "wdp": 0.0295
    },
    "c4": {
      "gwp": 3.25e-6,
      "gwp_fos": 29.2,
      "gwp_bio": 6.19,
      "gwp_lul": null,
      "odp": 0.0,
      "ap": 0.0,
      "ep_fw": 0.0,
      "ep_mar": 0.0,
      "ep_ter": 0.0,
      "pocp": 0.0,
      "adpe": 0.0,
      "adpf": 0.0,
      "wdp": 0.0
    },
    "d": {
      "gwp": 0.0,
      "gwp_fos": 0.0,
      "gwp_bio": 0.0,
      "gwp_lul": 0.0,
      "odp": null,
      "ap": -32.6,
      "ep_fw": -32.6,
      "ep_mar": 0.0,
      "ep_ter": -0.026,
      "pocp": -0.000048,
      "adpe": -0.328,
      "adpf": -0.0006809999999999999,
      "wdp": -0.0626
    }
  },
  "location": "dnk",
  "meta_data": {
    "category": "ASFALTMATERIALER",
    "created": "2024-06-05",
    "origin": "https://github.com/ocni-dtu/infralca"
  },
  "name": "Asfaltslidlag SMA8 KVS",
  "published_date": "2023-09-21",
  "reference_service_life": 16,
  "source": {
    "name": "InfraLCA",
    "url": null
  },
  "standard": "en15804a2",
  "subtype": "representative",
  "valid_until": "2028-09-19",
  "version": "3.1"
}