{
  "comment": "Gennemsnit af EPD: RTS_100_21 og NEPD-3588-2251-EN ",
  "conversions": null,
  "declared_unit": "m",
  "format_version": "2.2.1",
  "id": "17b0f878-bdff-5367-938a-5141e6ffb8bc",
  "impacts": {
    "a1a3": {
      "gwp": 10.95551,
      "gwp_fos": 11.266720000000001,
      "gwp_bio": -0.32358200000000004,
      "gwp_lul": 0.017628032000000002,
      "odp": 3.9703050000000007e-7,
      "ap": 0.04126607,
      "ep_fw": 0.0007978710000000001,
      "ep_mar": 0.00789736,
      "ep_ter": 0.0839584,
      "pocp": 0.035785510000000006,
      "adpe": 0.00014212030000000002,
      "adpf": 374.1802,
      "wdp": 155.56815
    },
    "c1": {
      "gwp": null,
      "gwp_fos": 0.0,
      "gwp_bio": 0.0,
      "gwp_lul": 0.0,
      "odp": 0.0,
      "ap": 0.0,
      "ep_fw": 0.0,
      "ep_mar": 0.0,
      "ep_ter": 0.0,
      "pocp": 0.0,
      "adpe": 0.0,
      "adpf": 0.0,
      "wdp": 0.0
    },
    "c2": {
      "gwp": 0.0,
      "gwp_fos": null,
      "gwp_bio": 0.000769109,
      "gwp_lul": 0.000769109,
      "odp": -1.140403e-7,
      "ap": 2.70032e-7,
      "ep_fw": 1.76003e-10,
      "ep_mar": 1.801017e-6,
      "ep_ter": 5.85873e-8,
      "pocp": 2.53155e-7,
      "adpe": 2.6762099999999997e-6,
      "adpf": 1.3911470000000001e-6,
      "wdp": 1.916745e-8
    },
    "c3": {
      "gwp": 0.0115728,
      "gwp_fos": 0.01092183,
      "gwp_bio": null,
      "gwp_lul": 0.0870371,
      "odp": 0.0870371,
      "ap": 2.09757e-7,
      "ep_fw": 2.62799e-6,
      "ep_mar": 9.499339999999999e-10,
      "ep_ter": 0.0000571407,
      "pocp": 5.23187e-7,
      "adpe": 0.0000549708,
      "adpf": 0.000255566,
      "wdp": 0.0000930646
    },
    "c4": {
      "gwp": 9.35468e-8,
      "gwp_fos": 0.0684724,
      "gwp_bio": 0.0308608,
      "gwp_lul": null,
      "odp": 0.01497231,
      "ap": 0.014875870000000001,
      "ep_fw": 0.0000711245,
      "ep_mar": 7.85986e-6,
      "ep_ter": 3.8576e-9,
      "pocp": 0.00007498209999999999,
      "adpe": 3.25485e-6,
      "adpf": 0.0000214579,
      "wdp": 0.000231456
    },
    "d": {
      "gwp": 0.0000740177,
      "gwp_fos": 2.43511e-7,
      "gwp_bio": 0.28931999999999997,
      "gwp_lul": 0.13983800000000002,
      "odp": null,
      "ap": -0.41061400000000003,
      "ep_fw": -0.4093937,
      "ep_mar": -0.001038766,
      "ep_ter": -0.00008964240000000001,
      "pocp": -1.2331450000000001e-8,
      "adpe": -0.0012695990000000002,
      "adpf": -0.000033803315,
      "wdp": -0.00022108270000000002
    }
  },
  "location": "dnk",
  "meta_data": {
    "category": "PLASTMATERIALER",
    "created": "2024-06-05",
    "origin": "https://github.com/ocni-dtu/infralca"
  },
  "name": "Rør PP Korrugeret Dræn, Kloak Ø300",
  "published_date": "2023-09-21",
  "reference_service_life": 100,
  "source": {
    "name": "InfraLCA",
    "url": null
  },
  "standard": "en15804a2",
  "subtype": "representative",
  "valid_until": "2028-09-19",
  "version": "3.1"
}