{
  "comment": "Gennemsnit af: EPD-FEI-20220106-IBG1-EN, EPD-FEI-20220107-IBG1-EN, EPD-FEI-20220108-IBG1-EN, EPD-FEI-20220109-IBG1-EN, EPD-FEI-20220110-IBG1-EN  og EPD-FEI-20220021-IBG1-EN",
  "conversions": null,
  "declared_unit": "tones",
  "format_version": "2.2.1",
  "id": "17c3a79e-9829-5ac4-ad41-7ba0911034e1",
  "impacts": {
    "a1a3": {
      "gwp": 4782.666666666667,
      "gwp_fos": 5063.333333333333,
      "gwp_bio": -290.5166666666667,
      "gwp_lul": 5.8566666666666665,
      "odp": 0.0005378666666666668,
      "ap": 15.85,
      "ep_fw": 0.21948333333333334,
      "ep_mar": 5.298333333333334,
      "ep_ter": 55.083333333333336,
      "pocp": 10.746666666666664,
      "adpe": 0.009361666666666667,
      "adpf": 105200.0,
      "wdp": 14680.666666666666
    },
    "c1": {
      "gwp": null,
      "gwp_fos": 0.24733333333333338,
      "gwp_bio": 0.236,
      "gwp_lul": 0.010974999999999999,
      "odp": 5.668333333333332e-6,
      "ap": 2.5166666666666664e-17,
      "ep_fw": 0.003191666666666666,
      "ep_mar": 5.0983333333333323e-8,
      "ep_ter": 0.0014483333333333336,
      "pocp": 0.015866666666666668,
      "adpe": 0.004353333333333334,
      "adpf": 7.145000000000001e-9,
      "wdp": 3.3783333333333334
    },
    "c2": {
      "gwp": 0.0004671666666666667,
      "gwp_fos": null,
      "gwp_bio": 10.978333333333333,
      "gwp_lul": 10.484999999999998,
      "odp": 0.48066666666666663,
      "ap": 0.00024733333333333335,
      "ep_fw": 1.0981666666666667e-15,
      "ep_mar": 0.03308333333333333,
      "ep_ter": 2.225e-6,
      "pocp": 0.015233333333333333,
      "adpe": 0.1676666666666667,
      "adpf": 0.030049999999999997,
      "wdp": 3.121666666666667e-7
    },
    "c3": {
      "gwp": 147.33333333333334,
      "gwp_fos": 0.020383333333333333,
      "gwp_bio": null,
      "gwp_lul": 2276.6666666666665,
      "odp": 1960.0,
      "ap": 317.21914999999996,
      "ep_fw": 0.01845,
      "ep_mar": 2.32e-13,
      "ep_ter": 1.161166666666667,
      "pocp": 0.00003901666666666667,
      "adpe": 0.5595,
      "adpf": 6.439999999999999,
      "wdp": 1.4383333333333335
    },
    "c4": {
      "gwp": 4.121666666666667e-6,
      "gwp_fos": 520.3333333333334,
      "gwp_bio": 192.66666666666666,
      "gwp_lul": null,
      "odp": 0.0,
      "ap": 0.0,
      "ep_fw": 0.0,
      "ep_mar": 0.0,
      "ep_ter": 0.0,
      "pocp": 0.0,
      "adpe": 0.0,
      "adpf": 0.0,
      "wdp": 0.0
    },
    "d": {
      "gwp": 0.0,
      "gwp_fos": 0.0,
      "gwp_bio": 0.0,
      "gwp_lul": 0.0,
      "odp": null,
      "ap": -848.0,
      "ep_fw": -845.3333333333334,
      "ep_mar": -1.99,
      "ep_ter": -0.5945,
      "pocp": -8.864999999999998e-12,
      "adpe": -1.1856666666666666,
      "adpf": -0.0010965,
      "wdp": -0.3063333333333333
    }
  },
  "location": "dnk",
  "meta_data": {
    "category": "OVERFLADEBEHANDLINGER",
    "created": "2024-06-05",
    "origin": "https://github.com/ocni-dtu/infralca"
  },
  "name": "Polyurethan",
  "published_date": "2023-09-21",
  "reference_service_life": 0,
  "source": {
    "name": "InfraLCA",
    "url": null
  },
  "standard": "en15804a2",
  "subtype": "representative",
  "valid_until": "2028-09-19",
  "version": "3.1"
}