{
  "comment": "Gennemsnit af EPD: NEPD-4074-3101-EN, NEPD-3913-2874-EN, S-P-06859",
  "conversions": null,
  "declared_unit": "m",
  "format_version": "2.2.1",
  "id": "655b5407-04b4-5718-8b53-f79e38e2b722",
  "impacts": {
    "a1a3": {
      "gwp": 27.594513045004202,
      "gwp_fos": 27.280179711670865,
      "gwp_bio": 0.15062964199158632,
      "gwp_lul": 0.192406566005998,
      "odp": 1.2589370537056095e-6,
      "ap": 0.17359427579556108,
      "ep_fw": 0.0006506994816936767,
      "ep_mar": 0.0249183596035672,
      "ep_ter": 0.27362119339299745,
      "pocp": 0.0842100121320199,
      "adpe": 0.00032680942741261047,
      "adpf": 331.88165873832685,
      "wdp": 6184.563577333327
    },
    "c1": {
      "gwp": null,
      "gwp_fos": 0.0,
      "gwp_bio": 0.0,
      "gwp_lul": 0.0,
      "odp": 0.0,
      "ap": 0.0,
      "ep_fw": 0.0,
      "ep_mar": 0.0,
      "ep_ter": 0.0,
      "pocp": 0.0,
      "adpe": 0.0,
      "adpf": 0.0,
      "wdp": 0.0
    },
    "c2": {
      "gwp": 0.0,
      "gwp_fos": null,
      "gwp_bio": 0.1295,
      "gwp_lul": 0.1295,
      "odp": 0.0000528,
      "ap": 0.00004525,
      "ep_fw": 2.95e-8,
      "ep_mar": 0.000529,
      "ep_ter": 1.0185e-6,
      "pocp": 0.00015700000000000002,
      "adpe": 0.001735,
      "adpf": 0.0005315,
      "wdp": 3.5050000000000003e-6
    },
    "c3": {
      "gwp": 1.9500000000000002,
      "gwp_fos": 1.865,
      "gwp_bio": null,
      "gwp_lul": 0.856,
      "odp": 0.856,
      "ap": 7.07e-6,
      "ep_fw": 1.0450000000000002e-6,
      "ep_mar": 6.710000000000001e-10,
      "ep_ter": 0.000108,
      "pocp": 6.684999999999999e-8,
      "adpe": 0.00005195,
      "adpf": 0.0005610000000000001,
      "wdp": 0.00013450000000000002
    },
    "c4": {
      "gwp": 3.08e-8,
      "gwp_fos": 0.0568,
      "gwp_bio": 0.136,
      "gwp_lul": null,
      "odp": 0.0395,
      "ap": 0.0395,
      "ep_fw": 3.185e-6,
      "ep_mar": 3.23e-6,
      "ep_ter": 2.75e-9,
      "pocp": 0.0000741,
      "adpe": 1.54e-7,
      "adpf": 0.00006025,
      "wdp": 0.000297
    },
    "d": {
      "gwp": 0.000091,
      "gwp_fos": 7.365e-8,
      "gwp_bio": 0.2195,
      "gwp_lul": 4.465,
      "odp": null,
      "ap": -7.615,
      "ep_fw": -7.4399999999999995,
      "ep_mar": -0.03405,
      "ep_ter": -0.142,
      "pocp": -0.0035199999999999997,
      "adpe": -0.05045,
      "adpf": -0.00029,
      "wdp": -0.006445
    }
  },
  "location": "dnk",
  "meta_data": {
    "category": "TEKNIK",
    "created": "2024-06-05",
    "origin": "https://github.com/ocni-dtu/infralca"
  },
  "name": "Kabelleverance Alu, 4G150 mm2",
  "published_date": "2023-09-21",
  "reference_service_life": 20,
  "source": {
    "name": "InfraLCA",
    "url": null
  },
  "standard": "en15804a2",
  "subtype": "representative",
  "valid_until": "2028-09-19",
  "version": "3.1"
}