{
  "comment": "Udarbejdet som 14,892 kg galvaniseret stål pr. løbende meter vildthegn",
  "conversions": null,
  "declared_unit": "m",
  "format_version": "2.2.1",
  "id": "876bd90f-9eaf-57ad-aee6-7676f27a6694",
  "impacts": {
    "a1a3": {
      "gwp": 27.445211399999998,
      "gwp_fos": 27.3707514,
      "gwp_bio": 0.0382374438,
      "gwp_lul": 0.01779775186,
      "odp": 3.678083826788e-8,
      "ap": 0.08769526500000001,
      "ep_fw": 0.01135438058,
      "ep_mar": -0.0026157797999999998,
      "ep_ter": 0.19436542,
      "pocp": 0.061540197199999994,
      "adpe": 0.0002138215698,
      "adpf": 292.30017599999996,
      "wdp": 1.1608388459999999
    },
    "c1": {
      "gwp": null,
      "gwp_fos": 0.01757256,
      "gwp_bio": 0.017950816799999998,
      "gwp_lul": -0.000074043024,
      "odp": 0.00008279952,
      "ap": 2.1057288018585213e-9,
      "ep_fw": 0.0001422186,
      "ep_mar": 3.3760163999999997e-7,
      "ep_ter": 0.000063201648,
      "pocp": 0.00069634992,
      "adpe": 0.000187162656,
      "adpf": 5.8805529599999995e-9,
      "wdp": 0.27043871999999997
    },
    "c2": {
      "gwp": 0.00031034928,
      "gwp_fos": null,
      "gwp_bio": 0.17840616,
      "gwp_lul": 0.17658933599999999,
      "odp": 0.0011568105599999998,
      "ap": 0.0008374962960000001,
      "ep_fw": 1.938938401831716e-8,
      "ep_mar": 0.00060789144,
      "ep_ter": 5.367672479999999e-6,
      "pocp": 0.00021950808,
      "adpe": 0.0024363312,
      "adpf": 0.0005593435199999999,
      "wdp": 1.9393255919999997e-7
    },
    "c3": {
      "gwp": 2.5971648,
      "gwp_fos": 0.005322996479999999,
      "gwp_bio": null,
      "gwp_lul": 0.44050536,
      "odp": 0.45718439999999994,
      "ap": 0.000057691608,
      "ep_fw": 0.000351034224,
      "ep_mar": 7.702142399999999e-8,
      "ep_ter": 0.005253897599999999,
      "pocp": 0.0002540277359999999,
      "adpe": 0.00155949024,
      "adpf": 0.0173462016,
      "wdp": 0.004747569599999999
    },
    "c4": {
      "gwp": 0.000016405325039999995,
      "gwp_fos": 6.641832,
      "gwp_bio": 0.08652251999999999,
      "gwp_lul": null,
      "odp": 0.0104214216,
      "ap": 0.010409507999999998,
      "ep_fw": -2.799695999999999e-6,
      "ep_mar": 4.5837575999999996e-6,
      "ep_ter": 2.242735201286669e-9,
      "pocp": 0.00010134005999999999,
      "adpe": 3.9954938159999995e-7,
      "adpf": 0.0000436395168,
      "wdp": 0.000475561128
    },
    "d": {
      "gwp": 0.00013159166880000002,
      "gwp_fos": 7.93207488e-9,
      "gwp_bio": 0.15454917599999998,
      "gwp_lul": 0.00117617016,
      "odp": null,
      "ap": -6.663276479999999,
      "ep_fw": -6.6576175200000005,
      "ep_mar": -0.0030769850399999994,
      "ep_ter": 0.00019523411999999998,
      "pocp": -2.8384162789551842e-8,
      "adpe": -0.013293194880000001,
      "adpf": -0.000053745883247999995,
      "wdp": -0.002194723392
    }
  },
  "location": "dnk",
  "meta_data": {
    "category": "TEKNIK",
    "created": "2024-06-05",
    "origin": "https://github.com/ocni-dtu/infralca"
  },
  "name": "Vildthegn",
  "published_date": "2023-09-21",
  "reference_service_life": 20,
  "source": {
    "name": "InfraLCA",
    "url": null
  },
  "standard": "en15804a2",
  "subtype": "generic",
  "valid_until": "2028-09-19",
  "version": "3.1"
}