{
  "comment": "Udarbejdet som kombination af 1314 kg galvaniseret stål og 1 stk belysningsarmatur (gennemsnit NEPD-4447-3710, S-P-03810, S-P-09191) ",
  "conversions": null,
  "declared_unit": "pcs",
  "format_version": "2.2.1",
  "id": "89791baf-cc5a-5fb5-a3bc-35d66f82ebc1",
  "impacts": {
    "a1a3": {
      "gwp": 2593.1591503477694,
      "gwp_fos": 2576.190499506235,
      "gwp_bio": 4.258543756653074,
      "gwp_lul": 3.581245380186048,
      "odp": 0.000015202203652447246,
      "ap": 8.747569278616943,
      "ep_fw": 1.0297879107197192,
      "ep_mar": -0.03055832739643094,
      "ep_ter": 18.840364802240416,
      "pocp": 6.2893135096279345,
      "adpe": 0.02684471093940828,
      "adpf": 27780.88721019345,
      "wdp": 2449.5373934512695
    },
    "c1": {
      "gwp": null,
      "gwp_fos": 1.5501229319354124,
      "gwp_bio": 1.583489984877073,
      "gwp_lul": -0.006531534930154974,
      "odp": 0.007303969069119401,
      "ap": 1.8575201929586662e-7,
      "ep_fw": 0.012545486440663717,
      "ep_mar": 0.000029780751582182876,
      "ep_ter": 0.005575187900960924,
      "pocp": 0.061426905336694815,
      "adpe": 0.016510122888613782,
      "adpf": 5.187394435276743e-7,
      "wdp": 23.856129189785666
    },
    "c2": {
      "gwp": 0.02737674737418135,
      "gwp_fos": null,
      "gwp_bio": 16.116688749649356,
      "gwp_lul": 15.956421802449253,
      "odp": 0.10220238080740918,
      "ap": 0.07401280800524045,
      "ep_fw": 1.7962898807513201e-6,
      "ep_mar": 0.054713744136952146,
      "ep_ter": 0.00047652687253118637,
      "pocp": 0.01957940001417625,
      "adpe": 0.21732534886833346,
      "adpf": 0.05026520112160515,
      "wdp": 0.000027607314316459404
    },
    "c3": {
      "gwp": 234.83291468604736,
      "gwp_fos": 6.009555882026266,
      "gwp_bio": null,
      "gwp_lul": 42.768166378516526,
      "odp": 44.15946950035352,
      "ap": 0.09008913240535406,
      "ep_fw": 0.03158467606066232,
      "ep_mar": 6.8665676304830105e-6,
      "ep_ter": 0.46552048337865537,
      "pocp": 0.02242687201097818,
      "adpe": 0.13816484189175962,
      "adpf": 1.5365552467104815,
      "wdp": 0.4204459243228893
    },
    "c4": {
      "gwp": 0.0014500779866768547,
      "gwp_fos": 589.9939217315202,
      "gwp_bio": 29.332384944529444,
      "gwp_lul": null,
      "odp": 1.2203017184477978,
      "ap": 1.1792507876464857,
      "ep_fw": 0.03975303126169165,
      "ep_mar": 0.0010303456258048474,
      "ep_ter": 2.1123772346051165e-7,
      "pocp": 0.009540480128661426,
      "adpe": 0.000039225329016305694,
      "adpf": 0.004233559525206383,
      "wdp": 0.04371053026137751
    },
    "d": {
      "gwp": 0.012297056165893288,
      "gwp_fos": 1.3647097275136254e-6,
      "gwp_bio": 15.183199820021787,
      "gwp_lul": 15.703753143359542,
      "odp": null,
      "ap": -597.9855971738821,
      "ep_fw": -597.256405043259,
      "ep_mar": -0.3145291527088939,
      "ep_ter": -0.14877787149349725,
      "pocp": -0.013502503843585902,
      "adpe": -1.3496285881040904,
      "adpf": -0.005821069378613482,
      "wdp": -0.20680247221772316
    }
  },
  "location": "dnk",
  "meta_data": {
    "category": "TEKNIK",
    "created": "2024-06-05",
    "origin": "https://github.com/ocni-dtu/infralca"
  },
  "name": "8 m. rørmast inkl. armatur og 4 m. funderingspæl",
  "published_date": "2023-09-21",
  "reference_service_life": 20,
  "source": {
    "name": "InfraLCA",
    "url": null
  },
  "standard": "en15804a2",
  "subtype": "generic",
  "valid_until": "2028-09-19",
  "version": "3.1"
}