{
  "comment": "Gennemsnit af EPD MD-21007-EN, MD-21047-EN_rev1, MD-21046-EN_rev1, MD-21042-EN_rev1 og S-P-06909",
  "conversions": null,
  "declared_unit": "tones",
  "format_version": "2.2.1",
  "id": "8d8e0191-c31d-50af-ae93-63eaea325a5e",
  "impacts": {
    "a1a3": {
      "gwp": 1842.95,
      "gwp_fos": 1837.95,
      "gwp_bio": 2.56765,
      "gwp_lul": 1.1951216666666666,
      "odp": 2.4698387233333333e-6,
      "ap": 5.888750000000001,
      "ep_fw": 0.7624483333333334,
      "ep_mar": -0.17565,
      "ep_ter": 13.051666666666668,
      "pocp": 4.132433333333333,
      "adpe": 0.01435815,
      "adpf": 19628.0,
      "wdp": 77.95049999999999
    },
    "c1": {
      "gwp": null,
      "gwp_fos": 1.1800000000000002,
      "gwp_bio": 1.2054,
      "gwp_lul": -0.004972,
      "odp": 0.005560000000000001,
      "ap": 1.414000001248e-7,
      "ep_fw": 0.00955,
      "ep_mar": 0.000022669999999999998,
      "ep_ter": 0.004244,
      "pocp": 0.04676,
      "adpe": 0.012568000000000001,
      "adpf": 3.9488e-7,
      "wdp": 18.16
    },
    "c2": {
      "gwp": 0.02084,
      "gwp_fos": null,
      "gwp_bio": 11.98,
      "gwp_lul": 11.858,
      "odp": 0.07768,
      "ap": 0.05623800000000001,
      "ep_fw": 1.30200000123e-6,
      "ep_mar": 0.04082,
      "ep_ter": 0.00036043999999999996,
      "pocp": 0.01474,
      "adpe": 0.16360000000000002,
      "adpf": 0.037559999999999996,
      "wdp": 0.0000130226
    },
    "c3": {
      "gwp": 174.4,
      "gwp_fos": 0.35744,
      "gwp_bio": null,
      "gwp_lul": 29.580000000000002,
      "odp": 30.7,
      "ap": 0.0038740000000000003,
      "ep_fw": 0.023572,
      "ep_mar": 5.172e-6,
      "ep_ter": 0.35279999999999995,
      "pocp": 0.017057999999999997,
      "adpe": 0.10472000000000001,
      "adpf": 1.1648,
      "wdp": 0.3188
    },
    "c4": {
      "gwp": 0.0011016199999999998,
      "gwp_fos": 446.0,
      "gwp_bio": 5.81,
      "gwp_lul": null,
      "odp": 0.6998,
      "ap": 0.699,
      "ep_fw": -0.00018799999999999996,
      "ep_mar": 0.0003078,
      "ep_ter": 1.5060000008640002e-7,
      "pocp": 0.006805,
      "adpe": 0.0000268298,
      "adpf": 0.0029304,
      "wdp": 0.031934000000000004
    },
    "d": {
      "gwp": 0.008836400000000001,
      "gwp_fos": 5.3264e-7,
      "gwp_bio": 10.378,
      "gwp_lul": 0.07898000000000001,
      "odp": null,
      "ap": -447.43999999999994,
      "ep_fw": -447.06000000000006,
      "ep_mar": -0.20661999999999997,
      "ep_ter": 0.01311,
      "pocp": -1.9060007245200002e-6,
      "adpe": -0.8926400000000001,
      "adpf": -0.003609044,
      "wdp": -0.147376
    }
  },
  "location": "dnk",
  "meta_data": {
    "category": "METALLER",
    "created": "2024-06-05",
    "origin": "https://github.com/ocni-dtu/infralca"
  },
  "name": "Galvaniseret stål",
  "published_date": "2023-09-21",
  "reference_service_life": 100,
  "source": {
    "name": "InfraLCA",
    "url": null
  },
  "standard": "en15804a2",
  "subtype": "representative",
  "valid_until": "2028-09-19",
  "version": "3.1"
}