{
  "comment": "Gennemsnit af EPD: RTS_100_21 og NEPD-3588-2251-EN ",
  "conversions": null,
  "declared_unit": "m",
  "format_version": "2.2.1",
  "id": "8ebda186-6f6d-5a97-bc9d-fb003d895bca",
  "impacts": {
    "a1a3": {
      "gwp": 18.042099999999998,
      "gwp_fos": 18.550800000000002,
      "gwp_bio": -0.5293880000000001,
      "gwp_lul": 0.029132399999999996,
      "odp": 6.53969e-7,
      "ap": 0.0679681,
      "ep_fw": 0.0013085980000000002,
      "ep_mar": 0.013008599999999999,
      "ep_ter": 0.138338,
      "pocp": 0.058947299999999994,
      "adpe": 0.00023416099999999998,
      "adpf": 616.0559999999999,
      "wdp": 254.93970000000002
    },
    "c1": {
      "gwp": null,
      "gwp_fos": 0.0,
      "gwp_bio": 0.0,
      "gwp_lul": 0.0,
      "odp": 0.0,
      "ap": 0.0,
      "ep_fw": 0.0,
      "ep_mar": 0.0,
      "ep_ter": 0.0,
      "pocp": 0.0,
      "adpe": 0.0,
      "adpf": 0.0,
      "wdp": 0.0
    },
    "c2": {
      "gwp": 0.0,
      "gwp_fos": null,
      "gwp_bio": 0.00126005,
      "gwp_lul": 0.00126005,
      "odp": -1.8683500000000002e-7,
      "ap": 4.424e-7,
      "ep_fw": 2.8835000000000004e-10,
      "ep_mar": 2.9506500000000003e-6,
      "ep_ter": 9.5985e-8,
      "pocp": 4.1475000000000003e-7,
      "adpe": 4.3845e-6,
      "adpf": 2.2791500000000004e-6,
      "wdp": 3.14025e-8
    },
    "c3": {
      "gwp": 0.018959999999999998,
      "gwp_fos": 0.017893500000000003,
      "gwp_bio": null,
      "gwp_lul": 0.142595,
      "odp": 0.142595,
      "ap": 3.4365e-7,
      "ep_fw": 4.3055e-6,
      "ep_mar": 1.5563e-9,
      "ep_ter": 0.000093615,
      "pocp": 8.5715e-7,
      "adpe": 0.00009006,
      "adpf": 0.00041870000000000004,
      "wdp": 0.00015247
    },
    "c4": {
      "gwp": 1.5325999999999998e-7,
      "gwp_fos": 0.11218000000000002,
      "gwp_bio": 0.05056000000000001,
      "gwp_lul": null,
      "odp": 0.024529500000000003,
      "ap": 0.0243715,
      "ep_fw": 0.000116525,
      "ep_mar": 0.000012877,
      "ep_ter": 6.3200000000000005e-9,
      "pocp": 0.000122845,
      "adpe": 5.3325e-6,
      "adpf": 0.000035155,
      "wdp": 0.0003792
    },
    "d": {
      "gwp": 0.00012126500000000001,
      "gwp_fos": 3.9895000000000006e-7,
      "gwp_bio": 0.474,
      "gwp_lul": 0.22910000000000003,
      "odp": null,
      "ap": -0.6753819999999999,
      "ep_fw": -0.6733750000000001,
      "ep_mar": -0.00171048,
      "ep_ter": -0.000147344,
      "pocp": -2.03351e-8,
      "adpe": -0.00208707,
      "adpf": -0.00005540789,
      "wdp": -0.000363465
    }
  },
  "location": "dnk",
  "meta_data": {
    "category": "PLASTMATERIALER",
    "created": "2024-06-05",
    "origin": "https://github.com/ocni-dtu/infralca"
  },
  "name": "Rør PP Korrugeret Dræn, Kloak Ø400",
  "published_date": "2023-09-21",
  "reference_service_life": 100,
  "source": {
    "name": "InfraLCA",
    "url": null
  },
  "standard": "en15804a2",
  "subtype": "representative",
  "valid_until": "2028-09-19",
  "version": "3.1"
}