{
  "comment": "Gennemsnit af EPD: RTS_100_21 og NEPD-3588-2251-EN ",
  "conversions": null,
  "declared_unit": "m",
  "format_version": "2.2.1",
  "id": "a7ed2ccb-c1b9-5c84-a72a-09c1faa69e92",
  "impacts": {
    "a1a3": {
      "gwp": 30.814300000000003,
      "gwp_fos": 31.6374,
      "gwp_bio": -0.8621839999999998,
      "gwp_lul": 0.050973000000000004,
      "odp": 1.118342e-6,
      "ap": 0.1161913,
      "ep_fw": 0.0021705640000000003,
      "ep_mar": 0.0222513,
      "ep_ter": 0.23711900000000002,
      "pocp": 0.1008429,
      "adpe": 0.000401243,
      "adpf": 1050.213,
      "wdp": 420.3471
    },
    "c1": {
      "gwp": null,
      "gwp_fos": 0.0,
      "gwp_bio": 0.0,
      "gwp_lul": 0.0,
      "odp": 0.0,
      "ap": 0.0,
      "ep_fw": 0.0,
      "ep_mar": 0.0,
      "ep_ter": 0.0,
      "pocp": 0.0,
      "adpe": 0.0,
      "adpf": 0.0,
      "wdp": 0.0
    },
    "c2": {
      "gwp": 0.0,
      "gwp_fos": null,
      "gwp_bio": 0.0020735,
      "gwp_lul": 0.0020735,
      "odp": -3.0745e-7,
      "ap": 7.28e-7,
      "ep_fw": 4.745000000000001e-10,
      "ep_mar": 4.8555e-6,
      "ep_ter": 1.5795e-7,
      "pocp": 6.825e-7,
      "adpe": 7.2149999999999995e-6,
      "adpf": 3.7505000000000003e-6,
      "wdp": 5.1675e-8
    },
    "c3": {
      "gwp": 0.0312,
      "gwp_fos": 0.029445000000000002,
      "gwp_bio": null,
      "gwp_lul": 0.23465,
      "odp": 0.23465,
      "ap": 5.655e-7,
      "ep_fw": 7.085e-6,
      "ep_mar": 2.5609999999999997e-9,
      "ep_ter": 0.00015405,
      "pocp": 1.4104999999999999e-6,
      "adpe": 0.0001482,
      "adpf": 0.000689,
      "wdp": 0.0002509
    },
    "c4": {
      "gwp": 2.522e-7,
      "gwp_fos": 0.18460000000000001,
      "gwp_bio": 0.08320000000000001,
      "gwp_lul": null,
      "odp": 0.040365,
      "ap": 0.040105,
      "ep_fw": 0.00019175,
      "ep_mar": 0.000021190000000000002,
      "ep_ter": 1.04e-8,
      "pocp": 0.00020214999999999998,
      "adpe": 8.775e-6,
      "adpf": 0.00005785,
      "wdp": 0.000624
    },
    "d": {
      "gwp": 0.00019955,
      "gwp_fos": 6.565e-7,
      "gwp_bio": 0.78,
      "gwp_lul": 0.377,
      "odp": null,
      "ap": -1.143451,
      "ep_fw": -1.140055,
      "ep_mar": -0.00291879,
      "ep_ter": -0.000248252,
      "pocp": -3.50543e-8,
      "adpe": -0.00351936,
      "adpf": -0.00009150377000000001,
      "wdp": -0.0006132749999999999
    }
  },
  "location": "dnk",
  "meta_data": {
    "category": "PLASTMATERIALER",
    "created": "2024-06-05",
    "origin": "https://github.com/ocni-dtu/infralca"
  },
  "name": "Rør PP Korrugeret Dræn, Kloak Ø500",
  "published_date": "2023-09-21",
  "reference_service_life": 100,
  "source": {
    "name": "InfraLCA",
    "url": null
  },
  "standard": "en15804a2",
  "subtype": "representative",
  "valid_until": "2028-09-19",
  "version": "3.1"
}