{
  "comment": "Gennemsnit af EPD: S-P-05225 (Løng), S-P-05225 (Svebølle), MD-22000-DA, Reg. no. S-P-05226, S-P-04034",
  "conversions": null,
  "declared_unit": "tones",
  "format_version": "2.2.1",
  "id": "a857d8e2-ba09-5692-b449-6f75b57deb21",
  "impacts": {
    "a1a3": {
      "gwp": 2.744,
      "gwp_fos": 2.744,
      "gwp_bio": 0.0010743333333333334,
      "gwp_lul": 0.0002261,
      "odp": 8.850002590666666e-8,
      "ap": 0.02473666666666667,
      "ep_fw": 7.563999999999999e-6,
      "ep_mar": 0.011798666666666667,
      "ep_ter": 0.13151666666666667,
      "pocp": 0.03443333333333333,
      "adpe": 3.9080000000000003e-7,
      "adpf": 37.06333333333333,
      "wdp": 0.01477
    },
    "c1": {
      "gwp": null,
      "gwp_fos": 0.6502041666666667,
      "gwp_bio": 0.6547875000000001,
      "gwp_lul": 7.0375e-6,
      "odp": 0.00461287,
      "ap": 2.062516091666667e-9,
      "ep_fw": 0.004971791666666666,
      "ep_mar": 2.020125e-6,
      "ep_ter": 0.0024932083333333334,
      "pocp": 0.027353333333333334,
      "adpe": 0.007382916666666666,
      "adpf": 5.289583333333334e-8,
      "wdp": 8.6275
    },
    "c2": {
      "gwp": 0.005738874999999999,
      "gwp_fos": null,
      "gwp_bio": 0.45375,
      "gwp_lul": 0.4525,
      "odp": 0.0010825,
      "ap": 0.0001525,
      "ep_fw": 1.0275e-7,
      "ep_mar": 0.0018125,
      "ep_ter": 0.000030375,
      "pocp": 0.000555,
      "adpe": 0.00605,
      "adpf": 0.00185,
      "wdp": 1.625e-6
    },
    "c3": {
      "gwp": 6.8375,
      "gwp_fos": 0.0195,
      "gwp_bio": null,
      "gwp_lul": 0.0,
      "odp": 0.0,
      "ap": 0.0,
      "ep_fw": 0.0,
      "ep_mar": 0.0,
      "ep_ter": 0.0,
      "pocp": 0.0,
      "adpe": 0.0,
      "adpf": 0.0,
      "wdp": 0.0
    },
    "c4": {
      "gwp": 0.0,
      "gwp_fos": 0.0,
      "gwp_bio": 0.0,
      "gwp_lul": null,
      "odp": 0.034,
      "ap": 0.03375,
      "ep_fw": 0.0002225,
      "ep_mar": 0.000014625,
      "ep_ter": 8.475e-9,
      "pocp": 0.00024375,
      "adpe": 6.075e-6,
      "adpf": 0.000087125,
      "wdp": 0.00094875
    },
    "d": {
      "gwp": 0.00027,
      "gwp_fos": 1.15375e-7,
      "gwp_bio": 0.62125,
      "gwp_lul": 0.015625,
      "odp": null,
      "ap": -1.7107500000000002,
      "ep_fw": -1.5909166666666668,
      "ep_mar": -0.12112500000000001,
      "ep_ter": 0.0004991666666666667,
      "pocp": -8.158333306166666e-8,
      "adpe": -0.015164166666666666,
      "adpf": -0.00035599708333333333,
      "wdp": -0.006203333333333333
    }
  },
  "location": "dnk",
  "meta_data": {
    "category": "JORDTYPER",
    "created": "2024-06-05",
    "origin": "https://github.com/ocni-dtu/infralca"
  },
  "name": "Jord tilført",
  "published_date": "2023-09-21",
  "reference_service_life": 0,
  "source": {
    "name": "InfraLCA",
    "url": null
  },
  "standard": "en15804a2",
  "subtype": "representative",
  "valid_until": "2028-09-19",
  "version": "3.1"
}