{
  "comment": "Udarbejdet som kombination af 30 mm PA (pulverasfalt) + 50 mm GAB pr. m2 belægning",
  "conversions": null,
  "declared_unit": "m2",
  "format_version": "2.2.1",
  "id": "f2f22997-6bf4-56e4-a0a0-b7e464af3e84",
  "impacts": {
    "a1a3": {
      "gwp": 9.212,
      "gwp_fos": 9.199779999999999,
      "gwp_bio": 0.0123237666,
      "gwp_lul": 0.001995808,
      "odp": 1.5721735e-6,
      "ap": 0.09733699999999999,
      "ep_fw": 0.00008601822500000001,
      "ep_mar": 0.018615055,
      "ep_ter": 0.20970695,
      "pocp": 0.059129524999999995,
      "adpe": 0.000076872025,
      "adpf": 409.01985,
      "wdp": 424.324225
    },
    "c1": {
      "gwp": null,
      "gwp_fos": 0.5340374999999999,
      "gwp_bio": 0.33945749999999997,
      "gwp_lul": 0.000158155,
      "odp": 0.000045249250000000004,
      "ap": 7.495325e-8,
      "ep_fw": 0.0030244499999999997,
      "ep_mar": 1.6579249999999999e-6,
      "ep_ter": 0.001281455,
      "pocp": 0.014064749999999999,
      "adpe": 0.003930375,
      "adpf": 1.7260749999999998e-6,
      "wdp": 4.85745
    },
    "c2": {
      "gwp": 2.1161749999999997,
      "gwp_fos": null,
      "gwp_bio": 1.4016575,
      "gwp_lul": 0.8256725,
      "odp": 0.0004774025,
      "ap": 0.00028622999999999995,
      "ep_fw": 1.89175e-7,
      "ep_mar": 0.0024263749999999997,
      "ep_ter": 6.569424999999999e-6,
      "pocp": 0.00049068,
      "adpe": 0.005486074999999999,
      "adpf": 0.0021126499999999998,
      "wdp": 0.000021320374999999998
    },
    "c3": {
      "gwp": 12.608925,
      "gwp_fos": 11.6983,
      "gwp_bio": null,
      "gwp_lul": 0.583035,
      "odp": 0.33769499999999997,
      "ap": 0.000093953,
      "ep_fw": 0.00002661375,
      "ep_mar": 7.295575e-8,
      "ep_ter": 0.003533225,
      "pocp": 1.2297549999999999e-6,
      "adpe": 0.0015576975,
      "adpf": 0.017107999999999998,
      "wdp": 0.0047047
    },
    "c4": {
      "gwp": 5.180575e-7,
      "gwp_fos": 4.6483,
      "gwp_bio": 0.9853550000000001,
      "gwp_lul": null,
      "odp": 0.0,
      "ap": 0.0,
      "ep_fw": 0.0,
      "ep_mar": 0.0,
      "ep_ter": 0.0,
      "pocp": 0.0,
      "adpe": 0.0,
      "adpf": 0.0,
      "wdp": 0.0
    },
    "d": {
      "gwp": 0.0,
      "gwp_fos": 0.0,
      "gwp_bio": 0.0,
      "gwp_lul": 0.0,
      "odp": null,
      "ap": -6.9043,
      "ep_fw": -6.891375,
      "ep_mar": -0.00044285749999999996,
      "ep_ter": -0.0055037,
      "pocp": -0.00001013085,
      "adpe": -0.069419,
      "adpf": -0.00014420775,
      "wdp": -0.013278675
    }
  },
  "location": "dnk",
  "meta_data": {
    "category": "ASFALTMATERIALER",
    "created": "2024-06-05",
    "origin": "https://github.com/ocni-dtu/infralca"
  },
  "name": "Asfalt 30 mm slidlag og 50 mm GAB",
  "published_date": "2023-09-21",
  "reference_service_life": 16,
  "source": {
    "name": "InfraLCA",
    "url": null
  },
  "standard": "en15804a2",
  "subtype": "generic",
  "valid_until": "2028-09-19",
  "version": "3.1"
}